security_id,symbol,timestamps,session_id,segment_id,open,high,low,close,volume,amount,amount_source
HOSE_VPX,VPX,2025-12-11 09:00:00,1835,0,29.6,33.5,29.55,30.8,7219900,222824163.75,derived_ohlc4
HOSE_VPX,VPX,2025-12-12 09:00:00,1836,0,30.3,30.5,29.3,30.3,3258900,98092890.0,derived_ohlc4
HOSE_VPX,VPX,2025-12-15 09:00:00,1837,0,30.0,30.0,28.75,29.1,4161000,122593462.5,derived_ohlc4
HOSE_VPX,VPX,2025-12-16 09:00:00,1838,0,29.0,29.5,27.1,29.5,6252600,179918565.0,derived_ohlc4
HOSE_VPX,VPX,2025-12-17 09:00:00,1839,0,28.6,29.7,28.45,29.7,3358200,97765597.5,derived_ohlc4
HOSE_VPX,VPX,2025-12-18 09:00:00,1840,0,29.0,29.1,28.5,29.0,2344300,67750270.0,derived_ohlc4
HOSE_VPX,VPX,2025-12-19 09:00:00,1841,0,28.5,29.2,28.15,29.2,3621000,104149012.5,derived_ohlc4
HOSE_VPX,VPX,2025-12-22 09:00:00,1842,0,29.0,29.0,28.65,28.95,841000,24304900.0,derived_ohlc4
HOSE_VPX,VPX,2025-12-23 09:00:00,1843,0,28.95,28.95,28.0,28.0,2591000,73778725.0,derived_ohlc4
HOSE_VPX,VPX,2025-12-24 09:00:00,1844,0,27.9,28.0,27.3,28.0,1485000,41283000.0,derived_ohlc4
HOSE_VPX,VPX,2025-12-25 09:00:00,1845,0,27.5,28.0,27.5,27.85,918100,25442846.25,derived_ohlc4
HOSE_VPX,VPX,2025-12-26 09:00:00,1846,0,27.45,28.0,26.85,27.95,2363300,65138456.25000001,derived_ohlc4
HOSE_VPX,VPX,2025-12-29 09:00:00,1847,0,27.3,27.95,27.3,27.9,1046100,28885436.249999996,derived_ohlc4
HOSE_VPX,VPX,2025-12-30 09:00:00,1848,0,27.5,28.75,27.4,28.6,2358400,66182600.0,derived_ohlc4
HOSE_VPX,VPX,2025-12-31 09:00:00,1849,0,28.7,29.8,28.3,29.8,3831800,111696970.0,derived_ohlc4
HOSE_VPX,VPX,2026-01-05 09:00:00,1850,0,29.0,29.05,28.25,28.3,339600,9729540.0,derived_ohlc4
HOSE_VPX,VPX,2026-01-06 09:00:00,1851,0,28.35,28.7,27.6,28.7,399200,11312330.0,derived_ohlc4
HOSE_VPX,VPX,2026-01-07 09:00:00,1852,0,28.55,28.6,28.2,28.35,366400,10414920.000000002,derived_ohlc4
HOSE_VPX,VPX,2026-01-08 09:00:00,1853,0,28.35,28.7,28.0,28.6,579000,16450837.5,derived_ohlc4
HOSE_VPX,VPX,2026-01-09 09:00:00,1854,0,29.2,29.25,28.6,28.75,842200,24381690.000000004,derived_ohlc4
HOSE_VPX,VPX,2026-01-12 09:00:00,1855,0,28.5,29.95,28.5,29.4,1352100,39329208.75,derived_ohlc4
HOSE_VPX,VPX,2026-01-13 09:00:00,1856,0,29.5,31.0,29.5,30.6,1840900,55503135.0,derived_ohlc4
HOSE_VPX,VPX,2026-01-14 09:00:00,1857,0,31.2,32.0,30.6,31.25,3057200,95575715.00000001,derived_ohlc4
HOSE_VPX,VPX,2026-01-15 09:00:00,1858,0,31.5,31.7,30.7,31.05,1168800,36510390.0,derived_ohlc4
HOSE_VPX,VPX,2026-01-16 09:00:00,1859,0,31.65,31.65,30.4,30.9,897700,27963355.0,derived_ohlc4
HOSE_VPX,VPX,2026-01-19 09:00:00,1860,0,30.9,31.65,30.9,31.6,1699800,53139997.49999999,derived_ohlc4
HOSE_VPX,VPX,2026-01-20 09:00:00,1861,0,32.5,32.5,30.5,30.6,1524900,48072472.5,derived_ohlc4
HOSE_VPX,VPX,2026-01-21 09:00:00,1862,0,30.55,30.55,29.1,29.85,1180000,35414750.0,derived_ohlc4
HOSE_VPX,VPX,2026-01-22 09:00:00,1863,0,29.85,29.95,29.4,29.45,661600,19624710.0,derived_ohlc4
HOSE_VPX,VPX,2026-01-23 09:00:00,1864,0,29.55,29.55,29.0,29.0,817900,23944022.5,derived_ohlc4
HOSE_VPX,VPX,2026-01-26 09:00:00,1865,0,29.0,29.3,27.9,28.0,1326500,37871574.99999999,derived_ohlc4
HOSE_VPX,VPX,2026-01-27 09:00:00,1866,0,27.55,27.9,27.25,27.3,2284900,62834750.0,derived_ohlc4
HOSE_VPX,VPX,2026-01-28 09:00:00,1867,0,27.5,28.05,27.35,27.8,729700,20194447.5,derived_ohlc4
HOSE_VPX,VPX,2026-01-29 09:00:00,1868,0,28.0,28.0,27.4,27.4,531700,14728090.000000002,derived_ohlc4
HOSE_VPX,VPX,2026-01-30 09:00:00,1869,0,27.75,27.9,27.55,27.7,681800,18902905.0,derived_ohlc4
HOSE_VPX,VPX,2026-02-02 09:00:00,1870,0,27.7,27.7,27.25,27.6,644700,17769543.75,derived_ohlc4
HOSE_VPX,VPX,2026-02-03 09:00:00,1871,0,27.45,27.8,27.3,27.55,693800,19096845.0,derived_ohlc4
HOSE_VPX,VPX,2026-02-04 09:00:00,1872,0,27.7,28.05,27.7,28.0,715900,19946763.75,derived_ohlc4
HOSE_VPX,VPX,2026-02-05 09:00:00,1873,0,28.05,28.05,27.7,27.95,270800,7565475.0,derived_ohlc4
HOSE_VPX,VPX,2026-02-06 09:00:00,1874,0,27.7,27.7,27.35,27.45,373700,10295435.0,derived_ohlc4
HOSE_VPX,VPX,2026-02-09 09:00:00,1875,0,27.5,27.6,27.35,27.6,313500,8625168.75,derived_ohlc4
HOSE_VPX,VPX,2026-02-10 09:00:00,1876,0,27.55,27.7,27.3,27.6,271300,7470923.75,derived_ohlc4
HOSE_VPX,VPX,2026-02-11 09:00:00,1877,0,27.7,28.2,27.6,28.2,455700,12725422.5,derived_ohlc4
HOSE_VPX,VPX,2026-02-12 09:00:00,1878,0,28.45,28.45,28.1,28.35,295700,8379398.75,derived_ohlc4
HOSE_VPX,VPX,2026-02-13 09:00:00,1879,0,28.25,29.95,28.25,29.95,553000,16092300.0,derived_ohlc4
HOSE_VPX,VPX,2026-02-23 09:00:00,1880,0,29.9,30.5,28.9,30.5,1481100,44358945.0,derived_ohlc4
HOSE_VPX,VPX,2026-02-24 09:00:00,1881,0,30.05,32.0,30.0,32.0,1445100,44816163.75,derived_ohlc4
HOSE_VPX,VPX,2026-02-25 09:00:00,1882,0,32.0,32.0,31.05,31.05,786100,24781802.5,derived_ohlc4
HOSE_VPX,VPX,2026-02-26 09:00:00,1883,0,30.9,31.1,30.35,31.1,638800,19714965.0,derived_ohlc4
HOSE_VPX,VPX,2026-02-27 09:00:00,1884,0,31.2,32.0,30.85,32.0,1257100,39614363.75,derived_ohlc4
HOSE_VPX,VPX,2026-03-02 09:00:00,1885,0,31.0,33.55,30.75,32.25,5712400,182154155.0,derived_ohlc4
HOSE_VPX,VPX,2026-03-03 09:00:00,1886,0,32.25,34.5,32.25,32.9,6835400,225397315.0,derived_ohlc4
HOSE_VPX,VPX,2026-03-04 09:00:00,1887,0,32.75,33.0,30.6,33.0,4050600,130986277.5,derived_ohlc4
HOSE_VPX,VPX,2026-03-05 09:00:00,1888,0,33.9,34.4,32.95,32.95,4129200,138534660.0,derived_ohlc4
HOSE_VPX,VPX,2026-03-06 09:00:00,1889,0,32.95,32.95,30.95,31.2,1733600,55496870.00000001,derived_ohlc4
HOSE_VPX,VPX,2026-03-09 09:00:00,1890,0,29.05,29.1,29.05,29.05,680500,19777031.25,derived_ohlc4
HOSE_VPX,VPX,2026-03-10 09:00:00,1891,0,29.05,31.0,28.2,31.0,2237900,66717393.75,derived_ohlc4
HOSE_VPX,VPX,2026-03-11 09:00:00,1892,0,30.0,31.95,30.0,31.3,682100,21017206.25,derived_ohlc4
HOSE_VPX,VPX,2026-03-12 09:00:00,1893,0,30.4,30.95,30.2,30.9,851100,26054298.749999996,derived_ohlc4
HOSE_VPX,VPX,2026-03-13 09:00:00,1894,0,30.15,30.7,29.65,30.6,993400,30075185.0,derived_ohlc4
HOSE_VPX,VPX,2026-03-16 09:00:00,1895,0,31.0,32.4,30.6,31.0,2758100,86190625.0,derived_ohlc4
HOSE_VPX,VPX,2026-03-17 09:00:00,1896,0,32.3,32.7,31.7,32.45,2852900,92113008.75,derived_ohlc4
HOSE_VPX,VPX,2026-03-18 09:00:00,1897,0,32.45,32.45,30.65,31.0,908900,28755323.750000004,derived_ohlc4
HOSE_VPX,VPX,2026-03-19 09:00:00,1898,0,30.2,31.3,29.4,31.3,1775000,54226250.0,derived_ohlc4
HOSE_VPX,VPX,2026-03-20 09:00:00,1899,0,30.6,30.6,29.15,29.15,3363800,100493525.0,derived_ohlc4
HOSE_VPX,VPX,2026-03-23 09:00:00,1900,0,28.4,29.2,27.15,29.2,3063500,87271456.25,derived_ohlc4
HOSE_VPX,VPX,2026-03-24 09:00:00,1901,0,29.5,30.0,28.1,29.5,2156200,63122755.0,derived_ohlc4
HOSE_VPX,VPX,2026-03-25 09:00:00,1902,0,29.55,30.5,29.2,30.5,2835500,84887781.25,derived_ohlc4
HOSE_VPX,VPX,2026-03-26 09:00:00,1903,0,30.1,30.1,29.2,29.2,781600,23174440.0,derived_ohlc4
HOSE_VPX,VPX,2026-03-27 09:00:00,1904,0,29.5,29.95,28.95,29.5,907200,26739720.0,derived_ohlc4
HOSE_VPX,VPX,2026-03-30 09:00:00,1905,0,28.8,29.0,27.95,28.9,1040500,29823331.25,derived_ohlc4
HOSE_VPX,VPX,2026-03-31 09:00:00,1906,0,28.9,29.55,28.6,29.55,1239700,36137255.0,derived_ohlc4
HOSE_VPX,VPX,2026-04-01 09:00:00,1907,0,29.95,30.3,29.25,29.25,1693100,50263906.25,derived_ohlc4
HOSE_VPX,VPX,2026-04-02 09:00:00,1908,0,29.2,29.2,28.0,28.7,1146200,32981905.000000004,derived_ohlc4
HOSE_VPX,VPX,2026-04-03 09:00:00,1909,0,29.0,29.0,28.0,28.1,2351200,67067980.0,derived_ohlc4
HOSE_VPX,VPX,2026-04-06 09:00:00,1910,0,28.0,28.5,27.45,27.95,895200,25043220.0,derived_ohlc4
HOSE_VPX,VPX,2026-04-07 09:00:00,1911,0,28.0,28.3,27.5,28.1,734500,20547637.5,derived_ohlc4
HOSE_VPX,VPX,2026-04-08 09:00:00,1912,0,29.6,29.6,28.6,29.15,2319900,67828076.25000001,derived_ohlc4
HOSE_VPX,VPX,2026-04-09 09:00:00,1913,0,28.95,28.95,28.45,28.65,905400,26030250.0,derived_ohlc4
HOSE_VPX,VPX,2026-04-10 09:00:00,1914,0,28.8,28.85,28.0,28.25,1750000,49831250.0,derived_ohlc4
HOSE_VPX,VPX,2026-04-13 09:00:00,1915,0,28.25,29.1,28.15,28.95,1348800,38592540.0,derived_ohlc4
HOSE_VPX,VPX,2026-04-14 09:00:00,1916,0,28.95,29.5,28.8,28.8,1388800,40292560.0,derived_ohlc4
HOSE_VPX,VPX,2026-04-15 09:00:00,1917,0,28.95,29.25,28.85,28.85,1686500,48866337.5,derived_ohlc4
HOSE_VPX,VPX,2026-04-16 09:00:00,1918,0,29.0,29.0,28.0,28.75,1079500,30968156.25,derived_ohlc4
HOSE_VPX,VPX,2026-04-17 09:00:00,1919,0,28.8,29.15,28.7,28.75,833900,24058015.0,derived_ohlc4
HOSE_VPX,VPX,2026-04-20 09:00:00,1920,0,28.9,29.15,28.45,28.65,1581200,45518795.0,derived_ohlc4
HOSE_VPX,VPX,2026-04-21 09:00:00,1921,0,28.75,28.8,28.1,28.15,879100,25010395.000000004,derived_ohlc4
HOSE_VPX,VPX,2026-04-22 09:00:00,1922,0,28.15,28.9,27.9,27.95,1032000,29128199.999999996,derived_ohlc4
HOSE_VPX,VPX,2026-04-23 09:00:00,1923,0,28.1,28.35,27.5,27.65,1832100,51115590.0,derived_ohlc4
HOSE_VPX,VPX,2026-04-24 09:00:00,1924,0,27.55,27.65,27.3,27.6,841700,23167792.5,derived_ohlc4
HOSE_VPX,VPX,2026-04-28 09:00:00,1925,0,27.55,27.95,27.45,27.5,485000,13392062.5,derived_ohlc4
HOSE_VPX,VPX,2026-04-29 09:00:00,1926,0,27.45,27.7,27.25,27.4,1110900,30494205.000000004,derived_ohlc4
HOSE_VPX,VPX,2026-05-04 09:00:00,1927,0,27.7,27.7,27.2,27.3,927800,25491304.999999996,derived_ohlc4
HOSE_VPX,VPX,2026-05-05 09:00:00,1928,0,27.45,27.45,27.15,27.2,365500,9982718.75,derived_ohlc4
HOSE_VPX,VPX,2026-05-06 09:00:00,1929,0,27.3,28.25,27.25,28.0,1706800,47278360.0,derived_ohlc4
HOSE_VPX,VPX,2026-05-07 09:00:00,1930,0,28.0,28.15,27.8,27.8,815900,22794206.25,derived_ohlc4
HOSE_VPX,VPX,2026-05-08 09:00:00,1931,0,27.8,27.95,27.5,27.5,689500,19090531.25,derived_ohlc4
HOSE_VPX,VPX,2026-05-11 09:00:00,1932,0,27.5,28.1,27.5,27.65,1094500,30303968.75,derived_ohlc4
HOSE_VPX,VPX,2026-05-12 09:00:00,1933,0,27.75,28.55,27.75,28.2,1067200,29948300.0,derived_ohlc4
HOSE_VPX,VPX,2026-05-13 09:00:00,1934,0,28.2,28.2,27.6,27.7,886700,24761097.5,derived_ohlc4
HOSE_VPX,VPX,2026-05-14 09:00:00,1935,0,27.7,28.1,27.7,27.85,638500,17774243.75,derived_ohlc4
HOSE_VPX,VPX,2026-05-15 09:00:00,1936,0,27.9,28.1,27.7,27.8,811200,22612200.0,derived_ohlc4
HOSE_VPX,VPX,2026-05-18 09:00:00,1937,0,27.55,27.85,27.55,27.75,897800,24846615.0,derived_ohlc4
HOSE_VPX,VPX,2026-05-19 09:00:00,1938,0,27.85,28.1,27.6,27.8,1081600,30109040.000000004,derived_ohlc4
HOSE_VPX,VPX,2026-05-20 09:00:00,1939,0,28.0,28.0,27.05,27.4,1562900,43155576.24999999,derived_ohlc4
HOSE_VPX,VPX,2026-05-21 09:00:00,1940,0,27.4,27.75,27.2,27.3,578200,15849907.499999998,derived_ohlc4
HOSE_VPX,VPX,2026-05-22 09:00:00,1941,0,27.55,28.0,27.2,27.5,1384300,38154768.75,derived_ohlc4
HOSE_VPX,VPX,2026-05-25 09:00:00,1942,0,27.8,27.8,27.5,27.5,279700,7733705.0,derived_ohlc4
HOSE_VPX,VPX,2026-05-26 09:00:00,1943,0,27.6,27.75,27.4,27.6,977700,26972298.75,derived_ohlc4
HOSE_VPX,VPX,2026-05-27 09:00:00,1944,0,27.6,27.65,27.5,27.6,790300,21802401.25,derived_ohlc4
HOSE_VPX,VPX,2026-05-28 09:00:00,1945,0,27.6,27.8,27.3,27.3,860300,23658250.0,derived_ohlc4
HOSE_VPX,VPX,2026-05-29 09:00:00,1946,0,27.25,27.4,27.1,27.4,919000,25077212.5,derived_ohlc4
HOSE_VPX,VPX,2026-06-01 09:00:00,1947,0,27.5,27.6,27.35,27.35,339400,9316530.000000002,derived_ohlc4
HOSE_VPX,VPX,2026-06-02 09:00:00,1948,0,27.35,27.45,26.6,26.6,2420700,65358900.0,derived_ohlc4
HOSE_VPX,VPX,2026-06-03 09:00:00,1949,0,26.6,26.9,26.5,26.55,897300,23901828.75,derived_ohlc4
HOSE_VPX,VPX,2026-06-04 09:00:00,1950,0,26.7,26.8,26.4,26.5,520100,13834660.0,derived_ohlc4
HOSE_VPX,VPX,2026-06-05 09:00:00,1951,0,26.7,26.7,26.5,26.5,201600,5362560.0,derived_ohlc4
HOSE_VPX,VPX,2026-06-08 09:00:00,1952,0,26.25,26.4,25.9,25.9,861600,22498529.999999996,derived_ohlc4
HOSE_VPX,VPX,2026-06-09 09:00:00,1953,0,25.9,26.1,25.2,25.6,952200,24471540.000000004,derived_ohlc4
HOSE_VPX,VPX,2026-06-10 09:00:00,1954,0,25.65,25.9,25.2,25.9,679000,17424837.5,derived_ohlc4
HOSE_VPX,VPX,2026-06-11 09:00:00,1955,0,25.45,26.0,25.45,25.65,353300,9057728.750000002,derived_ohlc4
HOSE_VPX,VPX,2026-06-12 09:00:00,1956,0,25.8,25.9,25.3,25.4,824400,21104640.0,derived_ohlc4
HOSE_VPX,VPX,2026-06-15 09:00:00,1957,0,25.95,27.15,25.8,27.15,1502000,39821774.99999999,derived_ohlc4
HOSE_VPX,VPX,2026-06-16 09:00:00,1958,0,27.15,28.2,26.8,28.05,2827100,77886604.99999999,derived_ohlc4
HOSE_VPX,VPX,2026-06-17 09:00:00,1959,0,28.0,28.55,27.5,28.0,1392100,38996201.25,derived_ohlc4
HOSE_VPX,VPX,2026-06-18 09:00:00,1960,0,27.65,28.1,27.1,27.55,1236600,34130160.0,derived_ohlc4
HOSE_VPX,VPX,2026-06-19 09:00:00,1961,0,27.45,27.9,27.3,27.4,673500,18529668.749999996,derived_ohlc4
HOSE_VPX,VPX,2026-06-22 09:00:00,1962,0,27.65,27.8,27.2,27.55,685400,18882770.0,derived_ohlc4
HOSE_VPX,VPX,2026-06-23 09:00:00,1963,0,27.5,28.3,27.15,27.2,1307500,36005281.25,derived_ohlc4
HOSE_VPX,VPX,2026-06-24 09:00:00,1964,0,27.2,27.4,26.9,27.2,604600,16430005.0,derived_ohlc4
HOSE_VPX,VPX,2026-06-25 09:00:00,1965,0,27.2,28.1,27.1,27.9,1677700,46262577.50000001,derived_ohlc4
HOSE_VPX,VPX,2026-06-26 09:00:00,1966,0,27.9,28.45,27.5,28.45,1704400,47851030.0,derived_ohlc4
HOSE_VPX,VPX,2026-06-29 09:00:00,1967,0,28.35,28.45,27.7,28.35,2176800,61412970.0,derived_ohlc4
HOSE_VPX,VPX,2026-06-30 09:00:00,1968,0,28.3,28.7,28.0,28.6,3249100,92274440.0,derived_ohlc4
HOSE_VPX,VPX,2026-07-01 09:00:00,1969,0,28.6,29.0,28.3,28.9,1270000,36449000.0,derived_ohlc4
HOSE_VPX,VPX,2026-07-02 09:00:00,1970,0,28.9,28.9,28.3,28.5,1300300,37253595.0,derived_ohlc4
HOSE_VPX,VPX,2026-07-03 09:00:00,1971,0,28.55,29.0,28.15,28.5,1624500,46379474.99999999,derived_ohlc4
HOSE_VPX,VPX,2026-07-06 09:00:00,1972,0,28.5,28.75,26.55,28.0,2224000,62160800.0,derived_ohlc4
HOSE_VPX,VPX,2026-07-07 09:00:00,1973,0,27.9,28.55,27.35,28.55,1200400,33716235.0,derived_ohlc4
HOSE_VPX,VPX,2026-07-08 09:00:00,1974,0,28.4,29.0,28.2,28.55,2374400,67759440.0,derived_ohlc4
HOSE_VPX,VPX,2026-07-09 09:00:00,1975,0,28.2,28.35,27.75,27.85,1143900,32072096.25,derived_ohlc4
HOSE_VPX,VPX,2026-07-10 09:00:00,1976,0,28.0,28.0,27.15,27.3,963300,26599121.25,derived_ohlc4
HOSE_VPX,VPX,2026-07-13 09:00:00,1977,0,27.05,27.1,25.55,27.05,2009800,53636537.5,derived_ohlc4
HOSE_VPX,VPX,2026-07-14 09:00:00,1978,0,26.5,27.15,26.3,27.05,761600,20372800.0,derived_ohlc4
HOSE_VPX,VPX,2026-07-15 09:00:00,1979,0,26.8,27.0,26.1,26.1,657000,17410500.0,derived_ohlc4
HOSE_VPX,VPX,2026-07-16 09:00:00,1980,0,26.1,26.7,25.1,26.7,1257100,32873165.000000004,derived_ohlc4
HOSE_VPX,VPX,2026-07-17 09:00:00,1981,0,26.5,27.4,26.1,27.4,1143000,30689550.0,derived_ohlc4
HOSE_VPX,VPX,2026-07-20 09:00:00,1982,0,27.4,27.75,25.5,27.35,4031900,108861300.0,derived_ohlc4
HOSE_VPX,VPX,2026-07-21 09:00:00,1983,0,27.1,27.35,26.55,26.65,1050300,28266198.75,derived_ohlc4
HOSE_VPX,VPX,2026-07-22 09:00:00,1984,0,26.7,26.9,25.75,25.8,1586300,41699861.25,derived_ohlc4
HOSE_VPX,VPX,2026-07-23 09:00:00,1985,0,25.8,26.9,25.45,26.6,1554900,40718943.75,derived_ohlc4
HOSE_VPX,VPX,2026-07-24 09:00:00,1986,0,26.05,26.4,25.85,25.85,549800,14315417.5,derived_ohlc4
HOSE_VPX,VPX,2026-07-27 09:00:00,1987,0,26.4,26.4,24.4,24.4,1252000,31800800.0,derived_ohlc4
HOSE_VPX,VPX,2026-07-28 09:00:00,1988,0,24.75,25.6,23.8,24.7,1328900,32840441.250000004,derived_ohlc4
HOSE_VPX,VPX,2026-07-29 09:00:00,1989,0,24.7,24.9,24.0,24.15,1691100,41326256.25,derived_ohlc4
HOSE_VPX,VPX,2026-07-30 09:00:00,1990,0,24.4,25.5,24.25,25.4,1395800,34737972.50000001,derived_ohlc4
HOSE_VPX,VPX,2026-07-31 09:00:00,1991,0,25.5,25.55,24.95,25.4,1186100,30067635.0,derived_ohlc4
HOSE_VPX,VPX,2026-08-03 09:00:00,1992,0,25.4,26.25,25.4,26.25,1167400,30148105.0,derived_ohlc4
HOSE_VPX,VPX,2026-08-04 09:00:00,1993,0,26.25,26.25,25.65,26.0,912500,23759218.75,derived_ohlc4
HOSE_VPX,VPX,2026-08-05 09:00:00,1994,0,26.2,26.2,25.7,25.7,923900,23975205.0,derived_ohlc4
HOSE_VPX,VPX,2026-08-06 09:00:00,1995,0,25.65,25.65,25.1,25.6,1169900,29832450.0,derived_ohlc4
HOSE_VPX,VPX,2026-08-07 09:00:00,1996,0,25.4,25.65,25.2,25.35,857700,21785580.0,derived_ohlc4
