symbol,rows,segments,duplicate_symbol_session,nonfinite_features,invalid_ohlc,noncanonical_timestamp,session_gap_inside_segment,amount_proxy_max_relative_error,training_windows_l63_h5,evaluation_origins_l63_h5,training_windows_l126_h5,evaluation_origins_l126_h5
ABB,1398,1,0,0,0,0,0,2.211843114674889e-16,1330,1331,1267,1268
ABI,1936,37,0,0,0,0,0,2.204234626659144e-16,1480,1482,1354,1356
ACB,1992,2,0,0,0,0,0,2.045500864730653e-16,1856,1858,1730,1732
ACV,1988,5,0,0,0,0,0,2.212763957156774e-16,1703,1707,1503,1506
ANV,1997,1,0,0,0,0,0,2.3729649245288525e-16,1929,1930,1866,1867
BAF,1165,1,0,0,0,0,0,1.9616781148451784e-16,1097,1098,1034,1035
BCM,1975,15,0,0,0,0,0,2.1690955801398818e-16,1510,1513,1351,1352
BID,1997,1,0,0,0,0,0,2.0958818975109195e-16,1929,1930,1866,1867
BMP,1997,1,0,0,0,0,0,2.1294380080254034e-16,1929,1930,1866,1867
BSI,1990,4,0,0,0,0,0,2.0955616270890725e-16,1718,1722,1515,1518
BSR,1987,4,0,0,0,0,0,2.11584338201042e-16,1738,1741,1549,1552
BVH,1997,1,0,0,0,0,0,2.064838113405782e-16,1929,1930,1866,1867
BVS,1996,2,0,0,0,0,0,2.1560436381161977e-16,1860,1862,1749,1750
BWE,1997,1,0,0,0,0,0,2.210368521696316e-16,1929,1930,1866,1867
C4G,1906,4,0,0,0,0,0,2.215744721312984e-16,1748,1750,1622,1624
CAP,1982,16,0,0,0,0,0,2.439576087382472e-16,1438,1443,1191,1194
CEO,1997,1,0,0,0,0,0,2.2180764533667847e-16,1929,1930,1866,1867
CII,1997,1,0,0,0,0,0,2.274843380208013e-16,1929,1930,1866,1867
CMG,1997,1,0,0,0,0,0,2.2106420301188787e-16,1929,1930,1866,1867
CTD,1997,1,0,0,0,0,0,2.161789016863353e-16,1929,1930,1866,1867
CTG,1997,1,0,0,0,0,0,2.1982146541617479e-16,1929,1930,1866,1867
CTR,1986,7,0,0,0,0,0,2.1179315540034864e-16,1637,1641,1407,1410
CTS,1997,1,0,0,0,0,0,2.1166352878651457e-16,1929,1930,1866,1867
DBC,1990,3,0,0,0,0,0,2.249096980025913e-16,1846,1848,1720,1722
DCM,1997,1,0,0,0,0,0,2.160143879805203e-16,1929,1930,1866,1867
DDV,1772,110,0,0,0,0,0,2.1736012175817877e-16,1308,1309,1245,1246
DGW,1997,1,0,0,0,0,0,2.1668423379131137e-16,1929,1930,1866,1867
DIG,1996,2,0,0,0,0,0,2.0500160414114745e-16,1860,1862,1734,1736
DP3,1875,99,0,0,0,0,0,2.2183328093485238e-16,847,853,553,557
DPM,1997,1,0,0,0,0,0,2.193427274376166e-16,1929,1930,1866,1867
DSE,526,1,0,0,0,0,0,1.9100720471546015e-16,458,459,395,396
DTD,1997,1,0,0,0,0,0,2.1207070320409562e-16,1929,1930,1866,1867
DVM,1012,1,0,0,0,0,0,2.1686966723602954e-16,944,945,881,882
DXG,1996,2,0,0,0,0,0,2.0665635790466504e-16,1860,1862,1734,1736
DXP,1945,34,0,0,0,0,0,2.272841517893529e-16,1423,1425,1360,1361
EIB,1995,3,0,0,0,0,0,2.2119829009422358e-16,1843,1845,1717,1719
EVF,1980,8,0,0,0,0,0,2.1966598225742836e-16,1691,1694,1502,1505
FOX,1916,55,0,0,0,0,0,2.1874046356866622e-16,1401,1403,1275,1277
FPT,1996,2,0,0,0,0,0,2.0491840201811865e-16,1860,1862,1734,1736
FRT,1995,3,0,0,0,0,0,2.206671712726405e-16,1841,1843,1715,1717
FTS,1996,2,0,0,0,0,0,2.0194333047967163e-16,1860,1862,1734,1736
GAS,1996,2,0,0,0,0,0,2.0625062482976005e-16,1860,1862,1734,1736
GEE,1071,15,0,0,0,0,0,2.0256381646633577e-16,571,576,361,364
GEX,1997,1,0,0,0,0,0,2.1254744550613546e-16,1929,1930,1866,1867
GMD,1995,3,0,0,0,0,0,2.540829550824195e-16,1841,1843,1715,1717
GVR,1991,2,0,0,0,0,0,2.497173017197977e-16,1855,1857,1729,1731
HAG,1994,4,0,0,0,0,0,2.0624633691845237e-16,1824,1826,1698,1700
HBC,1989,2,0,0,0,0,0,2.206576542183653e-16,1853,1855,1727,1729
HCM,1997,1,0,0,0,0,0,2.2114882202590743e-16,1929,1930,1866,1867
HDB,1995,3,0,0,0,0,0,2.0599129611445174e-16,1841,1843,1715,1717
HDG,1995,3,0,0,0,0,0,2.5752838159584664e-16,1824,1826,1698,1700
HHV,1494,91,0,0,0,0,0,2.017457963561112e-16,1153,1155,1027,1029
HNG,1988,3,0,0,0,0,0,2.0304820879252724e-16,1784,1787,1595,1598
HPG,1995,3,0,0,0,0,0,2.1724560549227308e-16,1841,1843,1715,1717
HSG,1995,3,0,0,0,0,0,2.0369299669849436e-16,1824,1826,1698,1700
HT1,1997,1,0,0,0,0,0,2.1902771422815418e-16,1929,1930,1866,1867
HUT,1997,1,0,0,0,0,0,2.377617698587463e-16,1929,1930,1866,1867
IDC,1971,17,0,0,0,0,0,2.1178083917913822e-16,1548,1550,1452,1453
IDV,1969,22,0,0,0,0,0,2.84117881948925e-16,1615,1617,1489,1491
KBC,1995,3,0,0,0,0,0,2.1664199555740213e-16,1841,1843,1715,1717
KDC,1995,3,0,0,0,0,0,2.2083055662545293e-16,1841,1843,1715,1717
KDH,1994,4,0,0,0,0,0,2.194188114275859e-16,1824,1826,1698,1700
KOS,1991,3,0,0,0,0,0,2.2224409083572796e-16,1787,1790,1598,1601
L14,1997,1,0,0,0,0,0,2.3062899355215763e-16,1929,1930,1866,1867
L18,1547,107,0,0,0,0,0,2.2008127487784542e-16,1281,1282,1218,1219
LAS,1992,6,0,0,0,0,0,2.194880134110922e-16,1757,1760,1624,1626
LHC,1786,125,0,0,0,0,0,2.2163768722780772e-16,633,640,306,310
LPB,1986,3,0,0,0,0,0,2.1923418302386475e-16,1782,1785,1593,1596
LTG,1629,88,0,0,0,0,0,2.1842274546272365e-16,1327,1329,1201,1203
MBB,1996,2,0,0,0,0,0,2.0850625025492584e-16,1860,1862,1734,1736
MBS,1997,1,0,0,0,0,0,2.209152148231276e-16,1929,1930,1866,1867
MCH,1973,18,0,0,0,0,0,2.2173114822987661e-16,1459,1465,1150,1154
MFS,1783,36,0,0,0,0,0,2.2733718549386615e-16,1073,1078,836,839
MPC,1995,3,0,0,0,0,0,2.1946159315043594e-16,1791,1794,1646,1648
MSB,1401,1,0,0,0,0,0,2.0622835835044977e-16,1333,1334,1270,1271
MSN,1995,3,0,0,0,0,0,2.1769770600390334e-16,1843,1845,1717,1719
MSR,1992,5,0,0,0,0,0,2.2586658670916826e-16,1780,1782,1654,1656
MWG,1995,3,0,0,0,0,0,2.097096400803635e-16,1843,1845,1717,1719
NAB,1448,2,0,0,0,0,0,2.2158104227379932e-16,1312,1314,1186,1188
NDN,1997,1,0,0,0,0,0,2.2142764683943806e-16,1929,1930,1866,1867
NKG,1995,3,0,0,0,0,0,2.206743345206947e-16,1824,1826,1698,1700
NLG,1995,3,0,0,0,0,0,2.0127218412370487e-16,1841,1843,1715,1717
NT2,1995,3,0,0,0,0,0,2.1953099496386904e-16,1843,1845,1717,1719
NTP,1991,7,0,0,0,0,0,2.2782107242309393e-16,1737,1739,1611,1613
NVL,1996,2,0,0,0,0,0,2.054385282989133e-16,1860,1862,1734,1736
OCB,1376,1,0,0,0,0,0,1.9930681667612845e-16,1308,1309,1245,1246
OIL,1993,5,0,0,0,0,0,2.2165020027000742e-16,1744,1747,1607,1609
PAN,1989,4,0,0,0,0,0,2.1747947944513292e-16,1717,1721,1503,1506
PAT,1017,6,0,0,0,0,0,2.144202519887267e-16,916,917,853,854
PC1,1995,3,0,0,0,0,0,2.1545952138549412e-16,1791,1794,1602,1605
PDR,1996,2,0,0,0,0,0,2.147098366180234e-16,1860,1862,1734,1736
PHR,1996,2,0,0,0,0,0,2.150817889466396e-16,1860,1862,1734,1736
PLC,1982,14,0,0,0,0,0,2.1917957015757356e-16,1668,1670,1542,1544
PLX,1996,2,0,0,0,0,0,2.068126231256449e-16,1860,1862,1734,1736
PNJ,1995,3,0,0,0,0,0,2.157162212141251e-16,1843,1845,1717,1719
POW,1987,3,0,0,0,0,0,2.1384978636862267e-16,1783,1786,1625,1627
PSD,1811,88,0,0,0,0,0,2.209468939920811e-16,1303,1305,1177,1179
PVB,1997,1,0,0,0,0,0,2.2755569777921937e-16,1929,1930,1866,1867
PVC,1997,1,0,0,0,0,0,2.3227792439609373e-16,1929,1930,1866,1867
PVD,1995,3,0,0,0,0,0,2.110737706633224e-16,1824,1826,1698,1700
PVS,1997,1,0,0,0,0,0,2.195737471444889e-16,1929,1930,1866,1867
PVT,1996,2,0,0,0,0,0,2.1731389378568465e-16,1860,1862,1734,1736
QNS,1992,6,0,0,0,0,0,2.1869752921238215e-16,1751,1754,1562,1565
REE,1997,1,0,0,0,0,0,2.030939344173787e-16,1929,1930,1866,1867
SAB,1997,1,0,0,0,0,0,2.362838314295847e-16,1929,1930,1866,1867
SBT,1997,1,0,0,0,0,0,2.2188132580669954e-16,1929,1930,1866,1867
SGP,1940,44,0,0,0,0,0,2.2085875205414734e-16,1611,1613,1523,1524
SHB,1994,2,0,0,0,0,0,2.1731613357274971e-16,1858,1860,1732,1734
SHS,1997,1,0,0,0,0,0,2.2019844578563012e-16,1929,1930,1866,1867
SIP,1778,8,0,0,0,0,0,2.5380913075673246e-16,1494,1497,1350,1352
SJS,1996,2,0,0,0,0,0,2.2188124254950552e-16,1860,1862,1734,1736
SLS,1977,17,0,0,0,0,0,2.209938589768929e-16,1350,1355,1059,1063
SSB,1342,1,0,0,0,0,0,2.0517865253358897e-16,1274,1275,1211,1212
SSI,1996,2,0,0,0,0,0,2.0588425898615594e-16,1860,1862,1734,1736
STB,1996,2,0,0,0,0,0,1.9298680600284624e-16,1860,1862,1734,1736
TAL,630,4,0,0,0,0,0,2.1139576809583322e-16,394,397,205,208
TCB,1996,2,0,0,0,0,0,2.2194397782875821e-16,1860,1862,1734,1736
TCH,1994,4,0,0,0,0,0,2.1762112602331973e-16,1824,1826,1698,1700
TCX,199,1,0,0,0,0,0,1.5604130388683944e-16,131,132,68,69
TMB,1541,115,0,0,0,0,0,2.1588250305637782e-16,539,545,327,328
TNG,1997,1,0,0,0,0,0,2.2044109888572807e-16,1929,1930,1866,1867
TPB,1994,3,0,0,0,0,0,2.0547608617995588e-16,1827,1829,1701,1703
TVD,1851,83,0,0,0,0,0,2.2062064762481883e-16,1355,1356,1292,1293
VC3,1997,1,0,0,0,0,0,2.318672188390541e-16,1929,1930,1866,1867
VCB,1995,3,0,0,0,0,0,2.1771904250535234e-16,1830,1832,1704,1706
VCG,1992,2,0,0,0,0,0,2.042940764794942e-16,1856,1858,1730,1732
VCI,1996,2,0,0,0,0,0,2.1149269131755513e-16,1860,1862,1734,1736
VCK,159,1,0,0,0,0,0,1.5727217237484975e-16,91,92,28,29
VCS,1996,2,0,0,0,0,0,2.0970072119401745e-16,1860,1862,1734,1736
VEA,1993,5,0,0,0,0,0,2.2135499765952496e-16,1775,1777,1649,1651
VEF,1979,15,0,0,0,0,0,2.2125477681902603e-16,1607,1610,1418,1421
VFS,1514,6,0,0,0,0,0,2.173960506963608e-16,1254,1256,1128,1130
VGC,1987,5,0,0,0,0,0,2.138137936182546e-16,1786,1788,1660,1662
VGI,1963,3,0,0,0,0,0,2.216677018499979e-16,1781,1783,1655,1657
VGT,1984,7,0,0,0,0,0,2.3924581472333244e-16,1741,1744,1567,1569
VHC,1995,3,0,0,0,0,0,2.2181706852174217e-16,1843,1845,1717,1719
VHM,1995,3,0,0,0,0,0,2.0969050766406692e-16,1856,1858,1730,1732
VIB,1988,4,0,0,0,0,0,2.341238148389418e-16,1756,1759,1567,1570
VIC,1995,3,0,0,0,0,0,2.0895380819707048e-16,1843,1845,1717,1719
VIX,1987,5,0,0,0,0,0,1.9821209671671325e-16,1689,1693,1522,1524
VJC,1995,3,0,0,0,0,0,2.2028706972096608e-16,1826,1828,1700,1702
VND,1989,5,0,0,0,0,0,2.2527414897405114e-16,1699,1703,1476,1479
VNM,1995,3,0,0,0,0,0,2.0939215334948816e-16,1826,1828,1700,1702
VPB,1997,1,0,0,0,0,0,2.05922312978747e-16,1929,1930,1866,1867
VPI,1996,2,0,0,0,0,0,2.066115913848179e-16,1860,1862,1734,1736
VPL,312,1,0,0,0,0,0,1.616946842603648e-16,244,245,181,182
VPX,162,1,0,0,0,0,0,2.0104462463539262e-16,94,95,31,32
VRE,1994,4,0,0,0,0,0,2.0184398303523884e-16,1830,1832,1704,1706
VSC,1996,2,0,0,0,0,0,2.0548669371108992e-16,1860,1862,1734,1736
VTP,1908,9,0,0,0,0,0,2.2721687222542714e-16,1556,1560,1356,1359
