session_date,session_id
2018-08-09,0
2018-08-10,1
2018-08-13,2
2018-08-14,3
2018-08-15,4
2018-08-16,5
2018-08-17,6
2018-08-20,7
2018-08-21,8
2018-08-22,9
2018-08-23,10
2018-08-24,11
2018-08-27,12
2018-08-28,13
2018-08-29,14
2018-08-30,15
2018-08-31,16
2018-09-04,17
2018-09-05,18
2018-09-06,19
2018-09-07,20
2018-09-10,21
2018-09-11,22
2018-09-12,23
2018-09-13,24
2018-09-14,25
2018-09-17,26
2018-09-18,27
2018-09-19,28
2018-09-20,29
2018-09-21,30
2018-09-24,31
2018-09-25,32
2018-09-26,33
2018-09-27,34
2018-09-28,35
2018-10-01,36
2018-10-02,37
2018-10-03,38
2018-10-04,39
2018-10-05,40
2018-10-08,41
2018-10-09,42
2018-10-10,43
2018-10-11,44
2018-10-12,45
2018-10-15,46
2018-10-16,47
2018-10-17,48
2018-10-18,49
2018-10-19,50
2018-10-22,51
2018-10-23,52
2018-10-24,53
2018-10-25,54
2018-10-26,55
2018-10-29,56
2018-10-30,57
2018-10-31,58
2018-11-01,59
2018-11-02,60
2018-11-05,61
2018-11-06,62
2018-11-07,63
2018-11-08,64
2018-11-09,65
2018-11-12,66
2018-11-13,67
2018-11-14,68
2018-11-15,69
2018-11-16,70
2018-11-19,71
2018-11-20,72
2018-11-21,73
2018-11-22,74
2018-11-23,75
2018-11-26,76
2018-11-27,77
2018-11-28,78
2018-11-29,79
2018-11-30,80
2018-12-03,81
2018-12-04,82
2018-12-05,83
2018-12-06,84
2018-12-07,85
2018-12-10,86
2018-12-11,87
2018-12-12,88
2018-12-13,89
2018-12-14,90
2018-12-17,91
2018-12-18,92
2018-12-19,93
2018-12-20,94
2018-12-21,95
2018-12-24,96
2018-12-25,97
2018-12-26,98
2018-12-27,99
2018-12-28,100
2019-01-02,101
2019-01-03,102
2019-01-04,103
2019-01-07,104
2019-01-08,105
2019-01-09,106
2019-01-10,107
2019-01-11,108
2019-01-14,109
2019-01-15,110
2019-01-16,111
2019-01-17,112
2019-01-18,113
2019-01-21,114
2019-01-22,115
2019-01-23,116
2019-01-24,117
2019-01-25,118
2019-01-28,119
2019-01-29,120
2019-01-30,121
2019-01-31,122
2019-02-01,123
2019-02-11,124
2019-02-12,125
2019-02-13,126
2019-02-14,127
2019-02-15,128
2019-02-18,129
2019-02-19,130
2019-02-20,131
2019-02-21,132
2019-02-22,133
2019-02-25,134
2019-02-26,135
2019-02-27,136
2019-02-28,137
2019-03-01,138
2019-03-04,139
2019-03-05,140
2019-03-06,141
2019-03-07,142
2019-03-08,143
2019-03-11,144
2019-03-12,145
2019-03-13,146
2019-03-14,147
2019-03-15,148
2019-03-18,149
2019-03-19,150
2019-03-20,151
2019-03-21,152
2019-03-22,153
2019-03-25,154
2019-03-26,155
2019-03-27,156
2019-03-28,157
2019-03-29,158
2019-04-01,159
2019-04-02,160
2019-04-03,161
2019-04-04,162
2019-04-05,163
2019-04-08,164
2019-04-09,165
2019-04-10,166
2019-04-11,167
2019-04-12,168
2019-04-16,169
2019-04-17,170
2019-04-18,171
2019-04-19,172
2019-04-22,173
2019-04-23,174
2019-04-24,175
2019-04-25,176
2019-04-26,177
2019-05-02,178
2019-05-03,179
2019-05-06,180
2019-05-07,181
2019-05-08,182
2019-05-09,183
2019-05-10,184
2019-05-13,185
2019-05-14,186
2019-05-15,187
2019-05-16,188
2019-05-17,189
2019-05-20,190
2019-05-21,191
2019-05-22,192
2019-05-23,193
2019-05-24,194
2019-05-27,195
2019-05-28,196
2019-05-29,197
2019-05-30,198
2019-05-31,199
2019-06-03,200
2019-06-04,201
2019-06-05,202
2019-06-06,203
2019-06-07,204
2019-06-10,205
2019-06-11,206
2019-06-12,207
2019-06-13,208
2019-06-14,209
2019-06-17,210
2019-06-18,211
2019-06-19,212
2019-06-20,213
2019-06-21,214
2019-06-24,215
2019-06-25,216
2019-06-26,217
2019-06-27,218
2019-06-28,219
2019-07-01,220
2019-07-02,221
2019-07-03,222
2019-07-04,223
2019-07-05,224
2019-07-08,225
2019-07-09,226
2019-07-10,227
2019-07-11,228
2019-07-12,229
2019-07-15,230
2019-07-16,231
2019-07-17,232
2019-07-18,233
2019-07-19,234
2019-07-22,235
2019-07-23,236
2019-07-24,237
2019-07-25,238
2019-07-26,239
2019-07-29,240
2019-07-30,241
2019-07-31,242
2019-08-01,243
2019-08-02,244
2019-08-05,245
2019-08-06,246
2019-08-07,247
2019-08-08,248
2019-08-09,249
2019-08-12,250
2019-08-13,251
2019-08-14,252
2019-08-15,253
2019-08-16,254
2019-08-19,255
2019-08-20,256
2019-08-21,257
2019-08-22,258
2019-08-23,259
2019-08-26,260
2019-08-27,261
2019-08-28,262
2019-08-29,263
2019-08-30,264
2019-09-03,265
2019-09-04,266
2019-09-05,267
2019-09-06,268
2019-09-09,269
2019-09-10,270
2019-09-11,271
2019-09-12,272
2019-09-13,273
2019-09-16,274
2019-09-17,275
2019-09-18,276
2019-09-19,277
2019-09-20,278
2019-09-23,279
2019-09-24,280
2019-09-25,281
2019-09-26,282
2019-09-27,283
2019-09-30,284
2019-10-01,285
2019-10-02,286
2019-10-03,287
2019-10-04,288
2019-10-07,289
2019-10-08,290
2019-10-09,291
2019-10-10,292
2019-10-11,293
2019-10-14,294
2019-10-15,295
2019-10-16,296
2019-10-17,297
2019-10-18,298
2019-10-21,299
2019-10-22,300
2019-10-23,301
2019-10-24,302
2019-10-25,303
2019-10-28,304
2019-10-29,305
2019-10-30,306
2019-10-31,307
2019-11-01,308
2019-11-04,309
2019-11-05,310
2019-11-06,311
2019-11-07,312
2019-11-08,313
2019-11-11,314
2019-11-12,315
2019-11-13,316
2019-11-14,317
2019-11-15,318
2019-11-18,319
2019-11-19,320
2019-11-20,321
2019-11-21,322
2019-11-22,323
2019-11-25,324
2019-11-26,325
2019-11-27,326
2019-11-28,327
2019-11-29,328
2019-12-02,329
2019-12-03,330
2019-12-04,331
2019-12-05,332
2019-12-06,333
2019-12-09,334
2019-12-10,335
2019-12-11,336
2019-12-12,337
2019-12-13,338
2019-12-16,339
2019-12-17,340
2019-12-18,341
2019-12-19,342
2019-12-20,343
2019-12-23,344
2019-12-24,345
2019-12-25,346
2019-12-26,347
2019-12-27,348
2019-12-30,349
2019-12-31,350
2020-01-02,351
2020-01-03,352
2020-01-06,353
2020-01-07,354
2020-01-08,355
2020-01-09,356
2020-01-10,357
2020-01-13,358
2020-01-14,359
2020-01-15,360
2020-01-16,361
2020-01-17,362
2020-01-20,363
2020-01-21,364
2020-01-22,365
2020-01-30,366
2020-01-31,367
2020-02-03,368
2020-02-04,369
2020-02-05,370
2020-02-06,371
2020-02-07,372
2020-02-10,373
2020-02-11,374
2020-02-12,375
2020-02-13,376
2020-02-14,377
2020-02-17,378
2020-02-18,379
2020-02-19,380
2020-02-20,381
2020-02-21,382
2020-02-24,383
2020-02-25,384
2020-02-26,385
2020-02-27,386
2020-02-28,387
2020-03-02,388
2020-03-03,389
2020-03-04,390
2020-03-05,391
2020-03-06,392
2020-03-09,393
2020-03-10,394
2020-03-11,395
2020-03-12,396
2020-03-13,397
2020-03-16,398
2020-03-17,399
2020-03-18,400
2020-03-19,401
2020-03-20,402
2020-03-23,403
2020-03-24,404
2020-03-25,405
2020-03-26,406
2020-03-27,407
2020-03-30,408
2020-03-31,409
2020-04-01,410
2020-04-03,411
2020-04-06,412
2020-04-07,413
2020-04-08,414
2020-04-09,415
2020-04-10,416
2020-04-13,417
2020-04-14,418
2020-04-15,419
2020-04-16,420
2020-04-17,421
2020-04-20,422
2020-04-21,423
2020-04-22,424
2020-04-23,425
2020-04-24,426
2020-04-27,427
2020-04-28,428
2020-04-29,429
2020-05-04,430
2020-05-05,431
2020-05-06,432
2020-05-07,433
2020-05-08,434
2020-05-11,435
2020-05-12,436
2020-05-13,437
2020-05-14,438
2020-05-15,439
2020-05-18,440
2020-05-19,441
2020-05-20,442
2020-05-21,443
2020-05-22,444
2020-05-25,445
2020-05-26,446
2020-05-27,447
2020-05-28,448
2020-05-29,449
2020-06-01,450
2020-06-02,451
2020-06-03,452
2020-06-04,453
2020-06-05,454
2020-06-08,455
2020-06-09,456
2020-06-10,457
2020-06-11,458
2020-06-12,459
2020-06-15,460
2020-06-16,461
2020-06-17,462
2020-06-18,463
2020-06-19,464
2020-06-22,465
2020-06-23,466
2020-06-24,467
2020-06-25,468
2020-06-26,469
2020-06-29,470
2020-06-30,471
2020-07-01,472
2020-07-02,473
2020-07-03,474
2020-07-06,475
2020-07-07,476
2020-07-08,477
2020-07-09,478
2020-07-10,479
2020-07-13,480
2020-07-14,481
2020-07-15,482
2020-07-16,483
2020-07-17,484
2020-07-20,485
2020-07-21,486
2020-07-22,487
2020-07-23,488
2020-07-24,489
2020-07-27,490
2020-07-28,491
2020-07-29,492
2020-07-30,493
2020-07-31,494
2020-08-03,495
2020-08-04,496
2020-08-05,497
2020-08-06,498
2020-08-07,499
2020-08-10,500
2020-08-11,501
2020-08-12,502
2020-08-13,503
2020-08-14,504
2020-08-17,505
2020-08-18,506
2020-08-19,507
2020-08-20,508
2020-08-21,509
2020-08-24,510
2020-08-25,511
2020-08-26,512
2020-08-27,513
2020-08-28,514
2020-08-31,515
2020-09-01,516
2020-09-03,517
2020-09-04,518
2020-09-07,519
2020-09-08,520
2020-09-09,521
2020-09-10,522
2020-09-11,523
2020-09-14,524
2020-09-15,525
2020-09-16,526
2020-09-17,527
2020-09-18,528
2020-09-21,529
2020-09-22,530
2020-09-23,531
2020-09-24,532
2020-09-25,533
2020-09-28,534
2020-09-29,535
2020-09-30,536
2020-10-01,537
2020-10-02,538
2020-10-05,539
2020-10-06,540
2020-10-07,541
2020-10-08,542
2020-10-09,543
2020-10-12,544
2020-10-13,545
2020-10-14,546
2020-10-15,547
2020-10-16,548
2020-10-19,549
2020-10-20,550
2020-10-21,551
2020-10-22,552
2020-10-23,553
2020-10-26,554
2020-10-27,555
2020-10-28,556
2020-10-29,557
2020-10-30,558
2020-11-02,559
2020-11-03,560
2020-11-04,561
2020-11-05,562
2020-11-06,563
2020-11-09,564
2020-11-10,565
2020-11-11,566
2020-11-12,567
2020-11-13,568
2020-11-16,569
2020-11-17,570
2020-11-18,571
2020-11-19,572
2020-11-20,573
2020-11-23,574
2020-11-24,575
2020-11-25,576
2020-11-26,577
2020-11-27,578
2020-11-30,579
2020-12-01,580
2020-12-02,581
2020-12-03,582
2020-12-04,583
2020-12-07,584
2020-12-08,585
2020-12-09,586
2020-12-10,587
2020-12-11,588
2020-12-14,589
2020-12-15,590
2020-12-16,591
2020-12-17,592
2020-12-18,593
2020-12-21,594
2020-12-22,595
2020-12-23,596
2020-12-24,597
2020-12-25,598
2020-12-28,599
2020-12-29,600
2020-12-30,601
2020-12-31,602
2021-01-04,603
2021-01-05,604
2021-01-06,605
2021-01-07,606
2021-01-08,607
2021-01-11,608
2021-01-12,609
2021-01-13,610
2021-01-14,611
2021-01-15,612
2021-01-18,613
2021-01-19,614
2021-01-20,615
2021-01-21,616
2021-01-22,617
2021-01-25,618
2021-01-26,619
2021-01-27,620
2021-01-28,621
2021-01-29,622
2021-02-01,623
2021-02-02,624
2021-02-03,625
2021-02-04,626
2021-02-05,627
2021-02-08,628
2021-02-09,629
2021-02-17,630
2021-02-18,631
2021-02-19,632
2021-02-22,633
2021-02-23,634
2021-02-24,635
2021-02-25,636
2021-02-26,637
2021-03-01,638
2021-03-02,639
2021-03-03,640
2021-03-04,641
2021-03-05,642
2021-03-08,643
2021-03-09,644
2021-03-10,645
2021-03-11,646
2021-03-12,647
2021-03-15,648
2021-03-16,649
2021-03-17,650
2021-03-18,651
2021-03-19,652
2021-03-22,653
2021-03-23,654
2021-03-24,655
2021-03-25,656
2021-03-26,657
2021-03-29,658
2021-03-30,659
2021-03-31,660
2021-04-01,661
2021-04-02,662
2021-04-05,663
2021-04-06,664
2021-04-07,665
2021-04-08,666
2021-04-09,667
2021-04-12,668
2021-04-13,669
2021-04-14,670
2021-04-15,671
2021-04-16,672
2021-04-19,673
2021-04-20,674
2021-04-22,675
2021-04-23,676
2021-04-26,677
2021-04-27,678
2021-04-28,679
2021-04-29,680
2021-05-04,681
2021-05-05,682
2021-05-06,683
2021-05-07,684
2021-05-10,685
2021-05-11,686
2021-05-12,687
2021-05-13,688
2021-05-14,689
2021-05-17,690
2021-05-18,691
2021-05-19,692
2021-05-20,693
2021-05-21,694
2021-05-24,695
2021-05-25,696
2021-05-26,697
2021-05-27,698
2021-05-28,699
2021-05-31,700
2021-06-01,701
2021-06-02,702
2021-06-03,703
2021-06-04,704
2021-06-07,705
2021-06-08,706
2021-06-09,707
2021-06-10,708
2021-06-11,709
2021-06-14,710
2021-06-15,711
2021-06-16,712
2021-06-17,713
2021-06-18,714
2021-06-21,715
2021-06-22,716
2021-06-23,717
2021-06-24,718
2021-06-25,719
2021-06-28,720
2021-06-29,721
2021-06-30,722
2021-07-01,723
2021-07-02,724
2021-07-05,725
2021-07-06,726
2021-07-07,727
2021-07-08,728
2021-07-09,729
2021-07-12,730
2021-07-13,731
2021-07-14,732
2021-07-15,733
2021-07-16,734
2021-07-19,735
2021-07-20,736
2021-07-21,737
2021-07-22,738
2021-07-23,739
2021-07-26,740
2021-07-27,741
2021-07-28,742
2021-07-29,743
2021-07-30,744
2021-08-02,745
2021-08-03,746
2021-08-04,747
2021-08-05,748
2021-08-06,749
2021-08-09,750
2021-08-10,751
2021-08-11,752
2021-08-12,753
2021-08-13,754
2021-08-16,755
2021-08-17,756
2021-08-18,757
2021-08-19,758
2021-08-20,759
2021-08-23,760
2021-08-24,761
2021-08-25,762
2021-08-26,763
2021-08-27,764
2021-08-30,765
2021-08-31,766
2021-09-01,767
2021-09-06,768
2021-09-07,769
2021-09-08,770
2021-09-09,771
2021-09-10,772
2021-09-13,773
2021-09-14,774
2021-09-15,775
2021-09-16,776
2021-09-17,777
2021-09-20,778
2021-09-21,779
2021-09-22,780
2021-09-23,781
2021-09-24,782
2021-09-27,783
2021-09-28,784
2021-09-29,785
2021-09-30,786
2021-10-01,787
2021-10-04,788
2021-10-05,789
2021-10-06,790
2021-10-07,791
2021-10-08,792
2021-10-11,793
2021-10-12,794
2021-10-13,795
2021-10-14,796
2021-10-15,797
2021-10-18,798
2021-10-19,799
2021-10-20,800
2021-10-21,801
2021-10-22,802
2021-10-25,803
2021-10-26,804
2021-10-27,805
2021-10-28,806
2021-10-29,807
2021-11-01,808
2021-11-02,809
2021-11-03,810
2021-11-04,811
2021-11-05,812
2021-11-08,813
2021-11-09,814
2021-11-10,815
2021-11-11,816
2021-11-12,817
2021-11-15,818
2021-11-16,819
2021-11-17,820
2021-11-18,821
2021-11-19,822
2021-11-22,823
2021-11-23,824
2021-11-24,825
2021-11-25,826
2021-11-26,827
2021-11-29,828
2021-11-30,829
2021-12-01,830
2021-12-02,831
2021-12-03,832
2021-12-06,833
2021-12-07,834
2021-12-08,835
2021-12-09,836
2021-12-10,837
2021-12-13,838
2021-12-14,839
2021-12-15,840
2021-12-16,841
2021-12-17,842
2021-12-20,843
2021-12-21,844
2021-12-22,845
2021-12-23,846
2021-12-24,847
2021-12-27,848
2021-12-28,849
2021-12-29,850
2021-12-30,851
2021-12-31,852
2022-01-04,853
2022-01-05,854
2022-01-06,855
2022-01-07,856
2022-01-10,857
2022-01-11,858
2022-01-12,859
2022-01-13,860
2022-01-14,861
2022-01-17,862
2022-01-18,863
2022-01-19,864
2022-01-20,865
2022-01-21,866
2022-01-24,867
2022-01-25,868
2022-01-26,869
2022-01-27,870
2022-01-28,871
2022-02-07,872
2022-02-08,873
2022-02-09,874
2022-02-10,875
2022-02-11,876
2022-02-14,877
2022-02-15,878
2022-02-16,879
2022-02-17,880
2022-02-18,881
2022-02-21,882
2022-02-22,883
2022-02-23,884
2022-02-24,885
2022-02-25,886
2022-02-28,887
2022-03-01,888
2022-03-02,889
2022-03-03,890
2022-03-04,891
2022-03-07,892
2022-03-08,893
2022-03-09,894
2022-03-10,895
2022-03-11,896
2022-03-14,897
2022-03-15,898
2022-03-16,899
2022-03-17,900
2022-03-18,901
2022-03-21,902
2022-03-22,903
2022-03-23,904
2022-03-24,905
2022-03-25,906
2022-03-28,907
2022-03-29,908
2022-03-30,909
2022-03-31,910
2022-04-01,911
2022-04-04,912
2022-04-05,913
2022-04-06,914
2022-04-07,915
2022-04-08,916
2022-04-12,917
2022-04-13,918
2022-04-14,919
2022-04-15,920
2022-04-18,921
2022-04-19,922
2022-04-20,923
2022-04-21,924
2022-04-22,925
2022-04-25,926
2022-04-26,927
2022-04-27,928
2022-04-28,929
2022-04-29,930
2022-05-04,931
2022-05-05,932
2022-05-06,933
2022-05-09,934
2022-05-10,935
2022-05-11,936
2022-05-12,937
2022-05-13,938
2022-05-16,939
2022-05-17,940
2022-05-18,941
2022-05-19,942
2022-05-20,943
2022-05-23,944
2022-05-24,945
2022-05-25,946
2022-05-26,947
2022-05-27,948
2022-05-30,949
2022-05-31,950
2022-06-01,951
2022-06-02,952
2022-06-03,953
2022-06-06,954
2022-06-07,955
2022-06-08,956
2022-06-09,957
2022-06-10,958
2022-06-13,959
2022-06-14,960
2022-06-15,961
2022-06-16,962
2022-06-17,963
2022-06-20,964
2022-06-21,965
2022-06-22,966
2022-06-23,967
2022-06-24,968
2022-06-27,969
2022-06-28,970
2022-06-29,971
2022-06-30,972
2022-07-01,973
2022-07-04,974
2022-07-05,975
2022-07-06,976
2022-07-07,977
2022-07-08,978
2022-07-11,979
2022-07-12,980
2022-07-13,981
2022-07-14,982
2022-07-15,983
2022-07-18,984
2022-07-19,985
2022-07-20,986
2022-07-21,987
2022-07-22,988
2022-07-25,989
2022-07-26,990
2022-07-27,991
2022-07-28,992
2022-07-29,993
2022-08-01,994
2022-08-02,995
2022-08-03,996
2022-08-04,997
2022-08-05,998
2022-08-08,999
2022-08-09,1000
2022-08-10,1001
2022-08-11,1002
2022-08-12,1003
2022-08-15,1004
2022-08-16,1005
2022-08-17,1006
2022-08-18,1007
2022-08-19,1008
2022-08-22,1009
2022-08-23,1010
2022-08-24,1011
2022-08-25,1012
2022-08-26,1013
2022-08-29,1014
2022-08-30,1015
2022-08-31,1016
2022-09-05,1017
2022-09-06,1018
2022-09-07,1019
2022-09-08,1020
2022-09-09,1021
2022-09-12,1022
2022-09-13,1023
2022-09-14,1024
2022-09-15,1025
2022-09-16,1026
2022-09-19,1027
2022-09-20,1028
2022-09-21,1029
2022-09-22,1030
2022-09-23,1031
2022-09-26,1032
2022-09-27,1033
2022-09-28,1034
2022-09-29,1035
2022-09-30,1036
2022-10-03,1037
2022-10-04,1038
2022-10-05,1039
2022-10-06,1040
2022-10-07,1041
2022-10-10,1042
2022-10-11,1043
2022-10-12,1044
2022-10-13,1045
2022-10-14,1046
2022-10-17,1047
2022-10-18,1048
2022-10-19,1049
2022-10-20,1050
2022-10-21,1051
2022-10-24,1052
2022-10-25,1053
2022-10-26,1054
2022-10-27,1055
2022-10-28,1056
2022-10-31,1057
2022-11-01,1058
2022-11-02,1059
2022-11-03,1060
2022-11-04,1061
2022-11-07,1062
2022-11-08,1063
2022-11-09,1064
2022-11-10,1065
2022-11-11,1066
2022-11-14,1067
2022-11-15,1068
2022-11-16,1069
2022-11-17,1070
2022-11-18,1071
2022-11-21,1072
2022-11-22,1073
2022-11-23,1074
2022-11-24,1075
2022-11-25,1076
2022-11-28,1077
2022-11-29,1078
2022-11-30,1079
2022-12-01,1080
2022-12-02,1081
2022-12-05,1082
2022-12-06,1083
2022-12-07,1084
2022-12-08,1085
2022-12-09,1086
2022-12-12,1087
2022-12-13,1088
2022-12-14,1089
2022-12-15,1090
2022-12-16,1091
2022-12-19,1092
2022-12-20,1093
2022-12-21,1094
2022-12-22,1095
2022-12-23,1096
2022-12-26,1097
2022-12-27,1098
2022-12-28,1099
2022-12-29,1100
2022-12-30,1101
2023-01-03,1102
2023-01-04,1103
2023-01-05,1104
2023-01-06,1105
2023-01-09,1106
2023-01-10,1107
2023-01-11,1108
2023-01-12,1109
2023-01-13,1110
2023-01-16,1111
2023-01-17,1112
2023-01-18,1113
2023-01-19,1114
2023-01-27,1115
2023-01-30,1116
2023-01-31,1117
2023-02-01,1118
2023-02-02,1119
2023-02-03,1120
2023-02-06,1121
2023-02-07,1122
2023-02-08,1123
2023-02-09,1124
2023-02-10,1125
2023-02-13,1126
2023-02-14,1127
2023-02-15,1128
2023-02-16,1129
2023-02-17,1130
2023-02-20,1131
2023-02-21,1132
2023-02-22,1133
2023-02-23,1134
2023-02-24,1135
2023-02-27,1136
2023-02-28,1137
2023-03-01,1138
2023-03-02,1139
2023-03-03,1140
2023-03-06,1141
2023-03-07,1142
2023-03-08,1143
2023-03-09,1144
2023-03-10,1145
2023-03-13,1146
2023-03-14,1147
2023-03-15,1148
2023-03-16,1149
2023-03-17,1150
2023-03-20,1151
2023-03-21,1152
2023-03-22,1153
2023-03-23,1154
2023-03-24,1155
2023-03-27,1156
2023-03-28,1157
2023-03-29,1158
2023-03-30,1159
2023-03-31,1160
2023-04-03,1161
2023-04-04,1162
2023-04-05,1163
2023-04-06,1164
2023-04-07,1165
2023-04-10,1166
2023-04-11,1167
2023-04-12,1168
2023-04-13,1169
2023-04-14,1170
2023-04-17,1171
2023-04-18,1172
2023-04-19,1173
2023-04-20,1174
2023-04-21,1175
2023-04-24,1176
2023-04-25,1177
2023-04-26,1178
2023-04-27,1179
2023-04-28,1180
2023-05-04,1181
2023-05-05,1182
2023-05-08,1183
2023-05-09,1184
2023-05-10,1185
2023-05-11,1186
2023-05-12,1187
2023-05-15,1188
2023-05-16,1189
2023-05-17,1190
2023-05-18,1191
2023-05-19,1192
2023-05-22,1193
2023-05-23,1194
2023-05-24,1195
2023-05-25,1196
2023-05-26,1197
2023-05-29,1198
2023-05-30,1199
2023-05-31,1200
2023-06-01,1201
2023-06-02,1202
2023-06-05,1203
2023-06-06,1204
2023-06-07,1205
2023-06-08,1206
2023-06-09,1207
2023-06-12,1208
2023-06-13,1209
2023-06-14,1210
2023-06-15,1211
2023-06-16,1212
2023-06-19,1213
2023-06-20,1214
2023-06-21,1215
2023-06-22,1216
2023-06-23,1217
2023-06-26,1218
2023-06-27,1219
2023-06-28,1220
2023-06-29,1221
2023-06-30,1222
2023-07-03,1223
2023-07-04,1224
2023-07-05,1225
2023-07-06,1226
2023-07-07,1227
2023-07-10,1228
2023-07-11,1229
2023-07-12,1230
2023-07-13,1231
2023-07-14,1232
2023-07-17,1233
2023-07-18,1234
2023-07-19,1235
2023-07-20,1236
2023-07-21,1237
2023-07-24,1238
2023-07-25,1239
2023-07-26,1240
2023-07-27,1241
2023-07-28,1242
2023-07-31,1243
2023-08-01,1244
2023-08-02,1245
2023-08-03,1246
2023-08-04,1247
2023-08-07,1248
2023-08-08,1249
2023-08-09,1250
2023-08-10,1251
2023-08-11,1252
2023-08-14,1253
2023-08-15,1254
2023-08-16,1255
2023-08-17,1256
2023-08-18,1257
2023-08-21,1258
2023-08-22,1259
2023-08-23,1260
2023-08-24,1261
2023-08-25,1262
2023-08-28,1263
2023-08-29,1264
2023-08-30,1265
2023-08-31,1266
2023-09-05,1267
2023-09-06,1268
2023-09-07,1269
2023-09-08,1270
2023-09-11,1271
2023-09-12,1272
2023-09-13,1273
2023-09-14,1274
2023-09-15,1275
2023-09-18,1276
2023-09-19,1277
2023-09-20,1278
2023-09-21,1279
2023-09-22,1280
2023-09-25,1281
2023-09-26,1282
2023-09-27,1283
2023-09-28,1284
2023-09-29,1285
2023-10-02,1286
2023-10-03,1287
2023-10-04,1288
2023-10-05,1289
2023-10-06,1290
2023-10-09,1291
2023-10-10,1292
2023-10-11,1293
2023-10-12,1294
2023-10-13,1295
2023-10-16,1296
2023-10-17,1297
2023-10-18,1298
2023-10-19,1299
2023-10-20,1300
2023-10-23,1301
2023-10-24,1302
2023-10-25,1303
2023-10-26,1304
2023-10-27,1305
2023-10-30,1306
2023-10-31,1307
2023-11-01,1308
2023-11-02,1309
2023-11-03,1310
2023-11-06,1311
2023-11-07,1312
2023-11-08,1313
2023-11-09,1314
2023-11-10,1315
2023-11-13,1316
2023-11-14,1317
2023-11-15,1318
2023-11-16,1319
2023-11-17,1320
2023-11-20,1321
2023-11-21,1322
2023-11-22,1323
2023-11-23,1324
2023-11-24,1325
2023-11-27,1326
2023-11-28,1327
2023-11-29,1328
2023-11-30,1329
2023-12-01,1330
2023-12-04,1331
2023-12-05,1332
2023-12-06,1333
2023-12-07,1334
2023-12-08,1335
2023-12-11,1336
2023-12-12,1337
2023-12-13,1338
2023-12-14,1339
2023-12-15,1340
2023-12-18,1341
2023-12-19,1342
2023-12-20,1343
2023-12-21,1344
2023-12-22,1345
2023-12-25,1346
2023-12-26,1347
2023-12-27,1348
2023-12-28,1349
2023-12-29,1350
2024-01-02,1351
2024-01-03,1352
2024-01-04,1353
2024-01-05,1354
2024-01-08,1355
2024-01-09,1356
2024-01-10,1357
2024-01-11,1358
2024-01-12,1359
2024-01-15,1360
2024-01-16,1361
2024-01-17,1362
2024-01-18,1363
2024-01-19,1364
2024-01-22,1365
2024-01-23,1366
2024-01-24,1367
2024-01-25,1368
2024-01-26,1369
2024-01-29,1370
2024-01-30,1371
2024-01-31,1372
2024-02-01,1373
2024-02-02,1374
2024-02-05,1375
2024-02-06,1376
2024-02-07,1377
2024-02-15,1378
2024-02-16,1379
2024-02-19,1380
2024-02-20,1381
2024-02-21,1382
2024-02-22,1383
2024-02-23,1384
2024-02-26,1385
2024-02-27,1386
2024-02-28,1387
2024-02-29,1388
2024-03-01,1389
2024-03-04,1390
2024-03-05,1391
2024-03-06,1392
2024-03-07,1393
2024-03-08,1394
2024-03-11,1395
2024-03-12,1396
2024-03-13,1397
2024-03-14,1398
2024-03-15,1399
2024-03-18,1400
2024-03-19,1401
2024-03-20,1402
2024-03-21,1403
2024-03-22,1404
2024-03-25,1405
2024-03-26,1406
2024-03-27,1407
2024-03-28,1408
2024-03-29,1409
2024-04-01,1410
2024-04-02,1411
2024-04-03,1412
2024-04-04,1413
2024-04-05,1414
2024-04-08,1415
2024-04-09,1416
2024-04-10,1417
2024-04-11,1418
2024-04-12,1419
2024-04-15,1420
2024-04-16,1421
2024-04-17,1422
2024-04-19,1423
2024-04-22,1424
2024-04-23,1425
2024-04-24,1426
2024-04-25,1427
2024-04-26,1428
2024-05-02,1429
2024-05-03,1430
2024-05-06,1431
2024-05-07,1432
2024-05-08,1433
2024-05-09,1434
2024-05-10,1435
2024-05-13,1436
2024-05-14,1437
2024-05-15,1438
2024-05-16,1439
2024-05-17,1440
2024-05-20,1441
2024-05-21,1442
2024-05-22,1443
2024-05-23,1444
2024-05-24,1445
2024-05-27,1446
2024-05-28,1447
2024-05-29,1448
2024-05-30,1449
2024-05-31,1450
2024-06-03,1451
2024-06-04,1452
2024-06-05,1453
2024-06-06,1454
2024-06-07,1455
2024-06-10,1456
2024-06-11,1457
2024-06-12,1458
2024-06-13,1459
2024-06-14,1460
2024-06-17,1461
2024-06-18,1462
2024-06-19,1463
2024-06-20,1464
2024-06-21,1465
2024-06-24,1466
2024-06-25,1467
2024-06-26,1468
2024-06-27,1469
2024-06-28,1470
2024-07-01,1471
2024-07-02,1472
2024-07-03,1473
2024-07-04,1474
2024-07-05,1475
2024-07-08,1476
2024-07-09,1477
2024-07-10,1478
2024-07-11,1479
2024-07-12,1480
2024-07-15,1481
2024-07-16,1482
2024-07-17,1483
2024-07-18,1484
2024-07-19,1485
2024-07-22,1486
2024-07-23,1487
2024-07-24,1488
2024-07-25,1489
2024-07-26,1490
2024-07-29,1491
2024-07-30,1492
2024-07-31,1493
2024-08-01,1494
2024-08-02,1495
2024-08-05,1496
2024-08-06,1497
2024-08-07,1498
2024-08-08,1499
2024-08-09,1500
2024-08-12,1501
2024-08-13,1502
2024-08-14,1503
2024-08-15,1504
2024-08-16,1505
2024-08-19,1506
2024-08-20,1507
2024-08-21,1508
2024-08-22,1509
2024-08-23,1510
2024-08-26,1511
2024-08-27,1512
2024-08-28,1513
2024-08-29,1514
2024-08-30,1515
2024-09-04,1516
2024-09-05,1517
2024-09-06,1518
2024-09-09,1519
2024-09-10,1520
2024-09-11,1521
2024-09-12,1522
2024-09-13,1523
2024-09-16,1524
2024-09-17,1525
2024-09-18,1526
2024-09-19,1527
2024-09-20,1528
2024-09-23,1529
2024-09-24,1530
2024-09-25,1531
2024-09-26,1532
2024-09-27,1533
2024-09-30,1534
2024-10-01,1535
2024-10-02,1536
2024-10-03,1537
2024-10-04,1538
2024-10-07,1539
2024-10-08,1540
2024-10-09,1541
2024-10-10,1542
2024-10-11,1543
2024-10-14,1544
2024-10-15,1545
2024-10-16,1546
2024-10-17,1547
2024-10-18,1548
2024-10-21,1549
2024-10-22,1550
2024-10-23,1551
2024-10-24,1552
2024-10-25,1553
2024-10-28,1554
2024-10-29,1555
2024-10-30,1556
2024-10-31,1557
2024-11-01,1558
2024-11-04,1559
2024-11-05,1560
2024-11-06,1561
2024-11-07,1562
2024-11-08,1563
2024-11-11,1564
2024-11-12,1565
2024-11-13,1566
2024-11-14,1567
2024-11-15,1568
2024-11-18,1569
2024-11-19,1570
2024-11-20,1571
2024-11-21,1572
2024-11-22,1573
2024-11-25,1574
2024-11-26,1575
2024-11-27,1576
2024-11-28,1577
2024-11-29,1578
2024-12-02,1579
2024-12-03,1580
2024-12-04,1581
2024-12-05,1582
2024-12-06,1583
2024-12-09,1584
2024-12-10,1585
2024-12-11,1586
2024-12-12,1587
2024-12-13,1588
2024-12-16,1589
2024-12-17,1590
2024-12-18,1591
2024-12-19,1592
2024-12-20,1593
2024-12-23,1594
2024-12-24,1595
2024-12-25,1596
2024-12-26,1597
2024-12-27,1598
2024-12-30,1599
2024-12-31,1600
2025-01-02,1601
2025-01-03,1602
2025-01-06,1603
2025-01-07,1604
2025-01-08,1605
2025-01-09,1606
2025-01-10,1607
2025-01-13,1608
2025-01-14,1609
2025-01-15,1610
2025-01-16,1611
2025-01-17,1612
2025-01-20,1613
2025-01-21,1614
2025-01-22,1615
2025-01-23,1616
2025-01-24,1617
2025-02-03,1618
2025-02-04,1619
2025-02-05,1620
2025-02-06,1621
2025-02-07,1622
2025-02-10,1623
2025-02-11,1624
2025-02-12,1625
2025-02-13,1626
2025-02-14,1627
2025-02-17,1628
2025-02-18,1629
2025-02-19,1630
2025-02-20,1631
2025-02-21,1632
2025-02-24,1633
2025-02-25,1634
2025-02-26,1635
2025-02-27,1636
2025-02-28,1637
2025-03-03,1638
2025-03-04,1639
2025-03-05,1640
2025-03-06,1641
2025-03-07,1642
2025-03-10,1643
2025-03-11,1644
2025-03-12,1645
2025-03-13,1646
2025-03-14,1647
2025-03-17,1648
2025-03-18,1649
2025-03-19,1650
2025-03-20,1651
2025-03-21,1652
2025-03-24,1653
2025-03-25,1654
2025-03-26,1655
2025-03-27,1656
2025-03-28,1657
2025-03-31,1658
2025-04-01,1659
2025-04-02,1660
2025-04-03,1661
2025-04-04,1662
2025-04-08,1663
2025-04-09,1664
2025-04-10,1665
2025-04-11,1666
2025-04-14,1667
2025-04-15,1668
2025-04-16,1669
2025-04-17,1670
2025-04-18,1671
2025-04-21,1672
2025-04-22,1673
2025-04-23,1674
2025-04-24,1675
2025-04-25,1676
2025-04-28,1677
2025-04-29,1678
2025-05-05,1679
2025-05-06,1680
2025-05-07,1681
2025-05-08,1682
2025-05-09,1683
2025-05-12,1684
2025-05-13,1685
2025-05-14,1686
2025-05-15,1687
2025-05-16,1688
2025-05-19,1689
2025-05-20,1690
2025-05-21,1691
2025-05-22,1692
2025-05-23,1693
2025-05-26,1694
2025-05-27,1695
2025-05-28,1696
2025-05-29,1697
2025-05-30,1698
2025-06-02,1699
2025-06-03,1700
2025-06-04,1701
2025-06-05,1702
2025-06-06,1703
2025-06-09,1704
2025-06-10,1705
2025-06-11,1706
2025-06-12,1707
2025-06-13,1708
2025-06-16,1709
2025-06-17,1710
2025-06-18,1711
2025-06-19,1712
2025-06-20,1713
2025-06-23,1714
2025-06-24,1715
2025-06-25,1716
2025-06-26,1717
2025-06-27,1718
2025-06-30,1719
2025-07-01,1720
2025-07-02,1721
2025-07-03,1722
2025-07-04,1723
2025-07-07,1724
2025-07-08,1725
2025-07-09,1726
2025-07-10,1727
2025-07-11,1728
2025-07-14,1729
2025-07-15,1730
2025-07-16,1731
2025-07-17,1732
2025-07-18,1733
2025-07-21,1734
2025-07-22,1735
2025-07-23,1736
2025-07-24,1737
2025-07-25,1738
2025-07-28,1739
2025-07-29,1740
2025-07-30,1741
2025-07-31,1742
2025-08-01,1743
2025-08-04,1744
2025-08-05,1745
2025-08-06,1746
2025-08-07,1747
2025-08-08,1748
2025-08-11,1749
2025-08-12,1750
2025-08-13,1751
2025-08-14,1752
2025-08-15,1753
2025-08-18,1754
2025-08-19,1755
2025-08-20,1756
2025-08-21,1757
2025-08-22,1758
2025-08-25,1759
2025-08-26,1760
2025-08-27,1761
2025-08-28,1762
2025-08-29,1763
2025-09-03,1764
2025-09-04,1765
2025-09-05,1766
2025-09-08,1767
2025-09-09,1768
2025-09-10,1769
2025-09-11,1770
2025-09-12,1771
2025-09-15,1772
2025-09-16,1773
2025-09-17,1774
2025-09-18,1775
2025-09-19,1776
2025-09-22,1777
2025-09-23,1778
2025-09-24,1779
2025-09-25,1780
2025-09-26,1781
2025-09-29,1782
2025-09-30,1783
2025-10-01,1784
2025-10-02,1785
2025-10-03,1786
2025-10-06,1787
2025-10-07,1788
2025-10-08,1789
2025-10-09,1790
2025-10-10,1791
2025-10-13,1792
2025-10-14,1793
2025-10-15,1794
2025-10-16,1795
2025-10-17,1796
2025-10-20,1797
2025-10-21,1798
2025-10-22,1799
2025-10-23,1800
2025-10-24,1801
2025-10-27,1802
2025-10-28,1803
2025-10-29,1804
2025-10-30,1805
2025-10-31,1806
2025-11-03,1807
2025-11-04,1808
2025-11-05,1809
2025-11-06,1810
2025-11-07,1811
2025-11-10,1812
2025-11-11,1813
2025-11-12,1814
2025-11-13,1815
2025-11-14,1816
2025-11-17,1817
2025-11-18,1818
2025-11-19,1819
2025-11-20,1820
2025-11-21,1821
2025-11-24,1822
2025-11-25,1823
2025-11-26,1824
2025-11-27,1825
2025-11-28,1826
2025-12-01,1827
2025-12-02,1828
2025-12-03,1829
2025-12-04,1830
2025-12-05,1831
2025-12-08,1832
2025-12-09,1833
2025-12-10,1834
2025-12-11,1835
2025-12-12,1836
2025-12-15,1837
2025-12-16,1838
2025-12-17,1839
2025-12-18,1840
2025-12-19,1841
2025-12-22,1842
2025-12-23,1843
2025-12-24,1844
2025-12-25,1845
2025-12-26,1846
2025-12-29,1847
2025-12-30,1848
2025-12-31,1849
2026-01-05,1850
2026-01-06,1851
2026-01-07,1852
2026-01-08,1853
2026-01-09,1854
2026-01-12,1855
2026-01-13,1856
2026-01-14,1857
2026-01-15,1858
2026-01-16,1859
2026-01-19,1860
2026-01-20,1861
2026-01-21,1862
2026-01-22,1863
2026-01-23,1864
2026-01-26,1865
2026-01-27,1866
2026-01-28,1867
2026-01-29,1868
2026-01-30,1869
2026-02-02,1870
2026-02-03,1871
2026-02-04,1872
2026-02-05,1873
2026-02-06,1874
2026-02-09,1875
2026-02-10,1876
2026-02-11,1877
2026-02-12,1878
2026-02-13,1879
2026-02-23,1880
2026-02-24,1881
2026-02-25,1882
2026-02-26,1883
2026-02-27,1884
2026-03-02,1885
2026-03-03,1886
2026-03-04,1887
2026-03-05,1888
2026-03-06,1889
2026-03-09,1890
2026-03-10,1891
2026-03-11,1892
2026-03-12,1893
2026-03-13,1894
2026-03-16,1895
2026-03-17,1896
2026-03-18,1897
2026-03-19,1898
2026-03-20,1899
2026-03-23,1900
2026-03-24,1901
2026-03-25,1902
2026-03-26,1903
2026-03-27,1904
2026-03-30,1905
2026-03-31,1906
2026-04-01,1907
2026-04-02,1908
2026-04-03,1909
2026-04-06,1910
2026-04-07,1911
2026-04-08,1912
2026-04-09,1913
2026-04-10,1914
2026-04-13,1915
2026-04-14,1916
2026-04-15,1917
2026-04-16,1918
2026-04-17,1919
2026-04-20,1920
2026-04-21,1921
2026-04-22,1922
2026-04-23,1923
2026-04-24,1924
2026-04-28,1925
2026-04-29,1926
2026-05-04,1927
2026-05-05,1928
2026-05-06,1929
2026-05-07,1930
2026-05-08,1931
2026-05-11,1932
2026-05-12,1933
2026-05-13,1934
2026-05-14,1935
2026-05-15,1936
2026-05-18,1937
2026-05-19,1938
2026-05-20,1939
2026-05-21,1940
2026-05-22,1941
2026-05-25,1942
2026-05-26,1943
2026-05-27,1944
2026-05-28,1945
2026-05-29,1946
2026-06-01,1947
2026-06-02,1948
2026-06-03,1949
2026-06-04,1950
2026-06-05,1951
2026-06-08,1952
2026-06-09,1953
2026-06-10,1954
2026-06-11,1955
2026-06-12,1956
2026-06-15,1957
2026-06-16,1958
2026-06-17,1959
2026-06-18,1960
2026-06-19,1961
2026-06-22,1962
2026-06-23,1963
2026-06-24,1964
2026-06-25,1965
2026-06-26,1966
2026-06-29,1967
2026-06-30,1968
2026-07-01,1969
2026-07-02,1970
2026-07-03,1971
2026-07-06,1972
2026-07-07,1973
2026-07-08,1974
2026-07-09,1975
2026-07-10,1976
2026-07-13,1977
2026-07-14,1978
2026-07-15,1979
2026-07-16,1980
2026-07-17,1981
2026-07-20,1982
2026-07-21,1983
2026-07-22,1984
2026-07-23,1985
2026-07-24,1986
2026-07-27,1987
2026-07-28,1988
2026-07-29,1989
2026-07-30,1990
2026-07-31,1991
2026-08-03,1992
2026-08-04,1993
2026-08-05,1994
2026-08-06,1995
2026-08-07,1996
