time,open,high,low,close,volume
2018-08-09 07:00:00,7.27,7.65,7.16,7.48,104930
2018-08-10 07:00:00,7.5,7.69,7.44,7.69,81560
2018-08-13 07:00:00,7.79,8.0,7.65,8.0,74660
2018-08-14 07:00:00,8.1,8.1,7.9,7.96,44010
2018-08-15 07:00:00,7.96,7.96,7.74,7.88,57310
2018-08-16 07:00:00,7.76,7.83,7.48,7.79,26990
2018-08-17 07:00:00,7.9,7.9,7.67,7.79,17570
2018-08-20 07:00:00,7.76,7.84,7.65,7.84,21010
2018-08-21 07:00:00,7.84,8.07,7.72,8.07,49800
2018-08-22 07:00:00,8.07,8.5,8.0,8.5,116760
2018-08-23 07:00:00,8.66,8.9,8.52,8.9,58660
2018-08-24 07:00:00,9.04,9.11,8.73,8.96,90590
2018-08-27 07:00:00,8.96,8.97,8.76,8.97,51840
2018-08-28 07:00:00,8.97,9.04,8.73,9.04,63560
2018-08-29 07:00:00,9.15,9.15,8.76,8.9,43240
2018-08-30 07:00:00,8.76,8.9,8.7,8.7,93240
2018-08-31 07:00:00,8.87,8.87,8.56,8.7,64350
2018-09-04 07:00:00,8.68,8.68,8.36,8.49,42170
2018-09-05 07:00:00,8.62,8.62,8.17,8.49,45630
2018-09-06 07:00:00,8.56,8.56,8.42,8.47,11300
2018-09-07 07:00:00,8.52,8.59,8.31,8.59,26050
2018-09-10 07:00:00,8.59,8.66,8.45,8.59,46040
2018-09-11 07:00:00,8.66,8.68,8.42,8.68,28240
2018-09-12 07:00:00,8.61,8.64,8.42,8.52,37030
2018-09-13 07:00:00,8.45,8.59,8.35,8.59,24730
2018-09-14 07:00:00,8.59,9.04,8.45,8.83,76560
2018-09-17 07:00:00,9.26,9.41,8.87,9.33,84900
2018-09-18 07:00:00,9.41,9.41,8.99,9.37,46420
2018-09-19 07:00:00,9.37,9.37,8.99,9.06,32380
2018-09-20 07:00:00,9.06,9.06,8.95,8.95,44640
2018-09-21 07:00:00,8.91,9.06,8.68,8.83,25090
2018-09-24 07:00:00,8.83,9.03,8.74,8.83,32160
2018-09-25 07:00:00,8.8,9.22,8.8,8.99,19050
2018-09-26 07:00:00,8.83,9.06,8.83,8.99,45590
2018-09-27 07:00:00,8.99,9.18,8.99,9.14,56090
2018-09-28 07:00:00,9.14,9.22,9.14,9.22,30510
2018-10-01 07:00:00,9.22,9.26,9.03,9.14,9690
2018-10-02 07:00:00,9.14,9.14,8.68,8.89,26950
2018-10-03 07:00:00,8.99,8.99,8.7,8.83,47520
2018-10-04 07:00:00,8.83,8.99,8.64,8.83,36170
2018-10-05 07:00:00,8.66,8.83,8.66,8.8,53270
2018-10-08 07:00:00,8.8,8.8,8.56,8.56,28800
2018-10-09 07:00:00,8.64,8.64,8.26,8.26,28860
2018-10-10 07:00:00,8.26,8.32,8.07,8.26,32410
2018-10-11 07:00:00,7.99,8.07,7.68,7.68,176490
2018-10-12 07:00:00,7.3,7.99,7.3,7.87,91890
2018-10-15 07:00:00,7.87,7.87,7.68,7.8,9400
2018-10-16 07:00:00,7.86,7.86,7.8,7.8,11210
2018-10-17 07:00:00,7.8,8.14,7.8,7.84,21380
2018-10-18 07:00:00,8.1,8.1,7.68,7.68,27720
2018-10-19 07:00:00,7.68,7.87,7.49,7.87,8870
2018-10-22 07:00:00,7.95,7.99,7.87,7.99,12660
2018-10-23 07:00:00,7.99,7.99,7.68,7.87,6180
2018-10-24 07:00:00,7.87,7.87,7.49,7.49,21380
2018-10-25 07:00:00,7.3,7.64,7.03,7.64,36410
2018-10-26 07:00:00,7.53,7.84,7.32,7.78,21110
2018-10-29 07:00:00,7.8,7.8,7.38,7.74,7030
2018-10-30 07:00:00,7.74,7.84,7.68,7.74,19550
2018-10-31 07:00:00,7.72,7.84,7.68,7.8,57900
2018-11-01 07:00:00,7.72,7.78,7.68,7.68,89870
2018-11-02 07:00:00,7.8,7.8,7.45,7.64,12340
2018-11-05 07:00:00,7.38,7.76,7.38,7.64,9900
2018-11-06 07:00:00,7.64,7.68,7.45,7.49,41230
2018-11-07 07:00:00,7.49,7.57,7.38,7.47,25270
2018-11-08 07:00:00,7.6,7.62,7.3,7.53,29290
2018-11-09 07:00:00,7.41,7.51,7.01,7.3,19050
2018-11-12 07:00:00,7.14,7.45,7.14,7.45,6490
2018-11-13 07:00:00,7.24,7.36,7.22,7.36,14340
2018-11-14 07:00:00,7.24,7.6,7.18,7.28,10460
2018-11-15 07:00:00,7.18,7.26,7.18,7.26,9110
2018-11-16 07:00:00,7.3,7.49,7.3,7.38,2510
2018-11-19 07:00:00,7.41,7.41,7.3,7.38,20090
2018-11-20 07:00:00,7.26,7.38,7.26,7.38,3610
2018-11-21 07:00:00,7.2,7.51,7.2,7.51,16270
2018-11-22 07:00:00,7.51,7.68,7.3,7.47,18260
2018-11-23 07:00:00,7.3,7.38,7.3,7.38,3670
2018-11-26 07:00:00,7.3,7.38,7.3,7.38,20800
2018-11-27 07:00:00,7.38,7.49,7.26,7.49,14530
2018-11-28 07:00:00,7.34,7.49,7.34,7.45,24750
2018-11-29 07:00:00,7.45,7.57,7.38,7.57,28030
2018-11-30 07:00:00,7.57,7.57,7.41,7.49,36470
2018-12-03 07:00:00,7.53,7.68,7.49,7.68,21760
2018-12-04 07:00:00,7.72,7.84,7.6,7.72,18430
2018-12-05 07:00:00,7.64,7.91,7.64,7.87,27290
2018-12-06 07:00:00,8.07,8.34,7.89,8.34,71140
2018-12-07 07:00:00,8.64,8.91,8.45,8.91,125670
2018-12-10 07:00:00,9.16,9.53,9.03,9.53,361750
2018-12-11 07:00:00,9.79,9.91,9.68,9.83,213830
2018-12-12 07:00:00,9.79,9.83,9.3,9.37,90610
2018-12-13 07:00:00,9.58,9.6,9.26,9.54,108260
2018-12-14 07:00:00,9.33,9.54,9.18,9.53,16200
2018-12-17 07:00:00,9.24,9.43,9.24,9.3,58250
2018-12-18 07:00:00,8.83,9.22,8.68,8.8,120790
2018-12-19 07:00:00,8.99,8.99,8.8,8.95,27580
2018-12-20 07:00:00,8.95,9.16,8.76,9.04,9110
2018-12-21 07:00:00,8.8,9.03,8.8,8.8,34170
2018-12-24 07:00:00,8.95,9.03,8.76,9.03,66670
2018-12-25 07:00:00,8.68,9.03,8.53,8.99,43100
2018-12-26 07:00:00,8.68,9.16,8.68,9.03,14940
2018-12-27 07:00:00,9.1,9.1,8.91,8.91,87040
2018-12-28 07:00:00,8.68,9.22,8.68,9.22,15040
2019-01-02 07:00:00,8.85,9.22,8.85,9.18,14310
2019-01-03 07:00:00,8.93,9.16,8.76,9.03,113740
2019-01-04 07:00:00,9.03,9.03,8.45,8.82,13870
2019-01-07 07:00:00,8.82,9.1,8.8,8.99,15320
2019-01-08 07:00:00,9.06,9.06,8.47,8.99,16890
2019-01-09 07:00:00,8.99,9.03,8.68,9.03,8240
2019-01-10 07:00:00,8.8,9.18,8.8,8.99,1050
2019-01-11 07:00:00,9.1,9.1,8.91,9.03,42590
2019-01-14 07:00:00,9.18,9.18,8.64,9.08,29560
2019-01-15 07:00:00,9.08,9.08,8.83,8.99,22370
2019-01-16 07:00:00,8.99,9.22,8.87,8.87,207660
2019-01-17 07:00:00,8.87,9.03,8.87,9.01,1360
2019-01-18 07:00:00,9.03,9.62,9.03,9.62,134270
2019-01-21 07:00:00,9.91,10.29,9.64,10.29,151350
2019-01-22 07:00:00,10.54,10.87,9.99,10.29,89700
2019-01-23 07:00:00,10.37,10.45,10.22,10.37,88800
2019-01-24 07:00:00,10.37,10.41,9.79,9.95,54430
2019-01-25 07:00:00,9.76,10.18,9.76,9.95,41560
2019-01-28 07:00:00,10.18,10.56,9.95,10.18,122790
2019-01-29 07:00:00,10.18,10.64,10.06,10.5,45180
2019-01-30 07:00:00,10.49,10.49,10.22,10.33,13810
2019-01-31 07:00:00,10.14,10.37,9.91,10.18,28460
2019-02-01 07:00:00,10.18,10.29,9.91,10.18,30070
2019-02-11 07:00:00,10.18,10.56,9.91,10.18,72940
2019-02-12 07:00:00,10.18,10.89,10.18,10.89,143220
2019-02-13 07:00:00,10.95,11.33,10.95,11.18,66180
2019-02-14 07:00:00,11.31,11.31,10.87,10.95,50270
2019-02-15 07:00:00,10.95,10.95,10.56,10.91,36100
2019-02-18 07:00:00,11.29,11.37,10.93,11.29,96410
2019-02-19 07:00:00,11.52,11.72,11.22,11.41,127940
2019-02-20 07:00:00,11.48,11.48,11.25,11.45,83620
2019-02-21 07:00:00,11.43,11.45,10.76,11.0,117190
2019-02-22 07:00:00,11.1,11.1,10.83,10.98,42550
2019-02-25 07:00:00,10.98,11.14,10.83,10.83,98290
2019-02-26 07:00:00,11.12,11.12,10.83,10.95,39380
2019-02-27 07:00:00,11.14,11.14,11.02,11.14,68760
2019-02-28 07:00:00,10.76,11.33,10.76,11.0,58420
2019-03-01 07:00:00,11.14,11.14,10.95,11.04,9850
2019-03-04 07:00:00,11.1,11.52,11.1,11.45,118020
2019-03-05 07:00:00,11.33,11.87,11.33,11.85,222050
2019-03-06 07:00:00,11.85,12.06,11.35,11.52,224770
2019-03-07 07:00:00,11.75,11.75,11.33,11.33,112670
2019-03-08 07:00:00,11.18,11.46,11.1,11.46,35510
2019-03-11 07:00:00,11.22,11.41,11.22,11.37,40160
2019-03-12 07:00:00,11.45,11.91,11.18,11.87,138470
2019-03-13 07:00:00,12.1,12.14,11.87,11.87,61700
2019-03-14 07:00:00,11.91,11.91,11.64,11.87,29070
2019-03-15 07:00:00,11.64,12.23,11.56,12.02,179770
2019-03-18 07:00:00,12.02,12.1,11.83,12.1,27730
2019-03-19 07:00:00,12.1,12.1,11.72,11.72,28890
2019-03-20 07:00:00,11.72,11.72,11.33,11.52,34870
2019-03-21 07:00:00,11.64,11.64,10.95,10.95,102000
2019-03-22 07:00:00,10.79,11.29,10.79,11.25,70670
2019-03-25 07:00:00,11.33,11.33,10.85,11.0,58800
2019-03-26 07:00:00,11.29,11.29,11.02,11.02,57930
2019-03-27 07:00:00,11.02,11.6,11.02,11.48,42400
2019-03-28 07:00:00,11.22,11.62,11.22,11.62,15960
2019-03-29 07:00:00,11.75,11.75,11.45,11.52,54070
2019-04-01 07:00:00,11.52,11.52,11.35,11.39,21770
2019-04-02 07:00:00,11.39,11.72,11.39,11.52,36380
2019-04-03 07:00:00,11.1,11.52,11.1,11.5,15440
2019-04-04 07:00:00,11.52,11.6,11.25,11.5,69020
2019-04-05 07:00:00,11.52,12.29,11.52,12.29,224780
2019-04-08 07:00:00,12.68,13.14,12.48,12.98,214170
2019-04-09 07:00:00,13.02,13.02,12.6,12.6,53700
2019-04-10 07:00:00,12.33,12.68,12.21,12.52,116380
2019-04-11 07:00:00,12.29,12.79,12.21,12.75,42030
2019-04-12 07:00:00,12.87,12.87,12.44,12.68,28360
2019-04-16 07:00:00,12.68,12.68,12.29,12.46,58480
2019-04-17 07:00:00,12.1,12.66,11.91,11.91,52020
2019-04-18 07:00:00,11.91,12.02,11.29,11.41,125600
2019-04-19 07:00:00,11.52,11.91,11.52,11.6,13490
2019-04-22 07:00:00,11.52,11.54,11.33,11.48,34830
2019-04-23 07:00:00,11.37,11.87,11.37,11.6,44970
2019-04-24 07:00:00,11.68,11.68,11.52,11.62,29510
2019-04-25 07:00:00,11.62,11.79,11.52,11.6,63420
2019-04-26 07:00:00,11.83,11.83,11.64,11.68,53690
2019-05-02 07:00:00,11.68,11.68,10.87,10.87,324630
2019-05-03 07:00:00,10.64,11.06,10.64,11.06,79350
2019-05-06 07:00:00,10.98,11.1,10.79,11.1,62340
2019-05-07 07:00:00,11.06,11.14,10.95,10.98,32110
2019-05-08 07:00:00,11.08,11.08,10.77,10.98,56620
2019-05-09 07:00:00,10.98,10.98,10.81,10.81,35990
2019-05-10 07:00:00,11.04,11.04,10.76,10.91,132240
2019-05-13 07:00:00,10.91,11.33,10.91,11.33,20380
2019-05-14 07:00:00,11.22,11.48,11.06,11.14,20070
2019-05-15 07:00:00,11.14,11.41,11.1,11.41,37170
2019-05-16 07:00:00,11.41,11.43,11.29,11.33,30080
2019-05-17 07:00:00,11.25,11.75,11.25,11.68,36090
2019-05-20 07:00:00,11.68,12.21,11.68,12.21,128670
2019-05-21 07:00:00,12.29,12.64,12.1,12.6,68110
2019-05-22 07:00:00,12.29,12.87,11.73,12.29,66650
2019-05-23 07:00:00,12.29,12.68,12.14,12.68,38850
2019-05-24 07:00:00,12.68,13.17,12.68,13.06,133630
2019-05-27 07:00:00,13.83,13.96,13.64,13.9,257900
2019-05-28 07:00:00,14.02,14.48,14.02,14.4,157910
2019-05-29 07:00:00,14.71,15.32,14.6,15.21,161810
2019-05-30 07:00:00,15.29,15.29,14.15,14.15,193280
2019-05-31 07:00:00,14.15,14.56,13.37,13.64,202430
2019-06-03 07:00:00,13.37,13.83,12.69,12.71,109300
2019-06-04 07:00:00,12.68,13.25,12.68,12.91,100940
2019-06-05 07:00:00,13.44,13.64,13.1,13.25,101310
2019-06-06 07:00:00,13.6,13.6,13.25,13.54,69130
2019-06-07 07:00:00,13.54,13.71,13.25,13.56,67780
2019-06-10 07:00:00,13.92,14.08,13.75,13.88,187400
2019-06-11 07:00:00,13.87,14.63,13.87,14.52,185910
2019-06-12 07:00:00,14.6,14.69,14.29,14.29,81360
2019-06-13 07:00:00,13.83,14.21,13.64,13.75,65290
2019-06-14 07:00:00,13.98,14.36,13.83,14.17,107580
2019-06-17 07:00:00,14.17,14.23,14.02,14.15,64350
2019-06-18 07:00:00,14.29,14.29,13.83,14.02,45690
2019-06-19 07:00:00,13.94,14.21,13.94,13.94,58010
2019-06-20 07:00:00,14.19,14.21,13.9,14.06,40060
2019-06-21 07:00:00,14.21,14.79,14.06,14.4,252830
2019-06-24 07:00:00,14.67,15.17,14.52,15.17,233790
2019-06-25 07:00:00,15.21,15.29,14.83,15.1,126580
2019-06-26 07:00:00,14.71,14.96,14.71,14.84,87860
2019-06-27 07:00:00,14.9,15.06,14.67,14.67,124800
2019-06-28 07:00:00,14.88,14.88,14.29,14.48,84330
2019-07-01 07:00:00,14.79,14.79,14.44,14.6,131930
2019-07-02 07:00:00,14.62,14.67,14.48,14.67,114150
2019-07-03 07:00:00,14.63,14.75,14.56,14.75,49760
2019-07-04 07:00:00,14.75,14.79,14.44,14.6,73790
2019-07-05 07:00:00,14.52,14.56,14.4,14.56,111910
2019-07-08 07:00:00,14.56,14.6,14.29,14.42,42240
2019-07-09 07:00:00,14.42,14.44,14.02,14.02,119750
2019-07-10 07:00:00,14.21,14.4,14.21,14.29,72380
2019-07-11 07:00:00,14.44,14.48,14.17,14.36,47930
2019-07-12 07:00:00,14.36,14.75,14.25,14.75,116460
2019-07-15 07:00:00,14.79,14.83,14.6,14.65,71800
2019-07-16 07:00:00,14.79,14.79,14.65,14.75,57580
2019-07-17 07:00:00,14.67,15.77,14.67,15.77,211330
2019-07-18 07:00:00,15.94,16.48,15.9,16.11,133340
2019-07-19 07:00:00,16.09,16.48,15.75,15.75,111520
2019-07-22 07:00:00,15.75,15.75,15.44,15.58,93080
2019-07-23 07:00:00,15.58,16.09,15.58,15.94,101930
2019-07-24 07:00:00,16.58,16.71,16.29,16.58,70500
2019-07-25 07:00:00,16.62,17.0,16.5,16.96,68360
2019-07-26 07:00:00,17.29,17.74,16.83,16.91,114450
2019-07-29 07:00:00,17.04,17.33,16.75,17.0,120300
2019-07-30 07:00:00,16.66,17.33,16.58,16.87,78920
2019-07-31 07:00:00,16.87,16.87,15.71,15.71,279820
2019-08-01 07:00:00,14.72,15.75,14.72,15.5,184910
2019-08-02 07:00:00,15.55,16.04,15.55,16.04,57710
2019-08-05 07:00:00,14.92,15.96,14.92,15.46,150790
2019-08-06 07:00:00,14.84,15.34,14.74,15.32,90400
2019-08-07 07:00:00,14.92,15.21,14.92,15.17,27430
2019-08-08 07:00:00,15.17,15.26,14.88,15.26,74480
2019-08-09 07:00:00,15.42,15.88,15.34,15.75,93660
2019-08-12 07:00:00,15.75,15.96,15.63,15.75,59660
2019-08-13 07:00:00,15.71,15.71,15.09,15.13,72030
2019-08-14 07:00:00,15.21,16.19,15.09,16.19,124560
2019-08-15 07:00:00,15.96,16.96,15.77,16.64,143940
2019-08-16 07:00:00,16.58,17.64,16.58,17.33,273010
2019-08-19 07:00:00,17.41,17.41,16.62,16.96,63920
2019-08-20 07:00:00,16.96,17.12,16.66,17.12,57620
2019-08-21 07:00:00,17.12,18.05,16.91,17.08,248660
2019-08-22 07:00:00,17.2,17.2,16.87,17.18,50860
2019-08-23 07:00:00,17.18,17.18,16.62,16.96,48990
2019-08-26 07:00:00,16.62,16.75,16.33,16.52,44820
2019-08-27 07:00:00,16.66,16.96,16.54,16.73,35890
2019-08-28 07:00:00,16.62,16.77,16.42,16.42,52890
2019-08-29 07:00:00,16.42,16.71,16.33,16.33,55660
2019-08-30 07:00:00,16.54,16.56,16.17,16.46,37480
2019-09-03 07:00:00,16.46,16.56,16.17,16.17,45500
2019-09-04 07:00:00,16.0,16.13,15.75,16.0,43940
2019-09-05 07:00:00,15.84,16.29,15.84,15.88,23350
2019-09-06 07:00:00,16.15,16.15,15.77,15.92,30410
2019-09-09 07:00:00,15.84,15.92,15.75,15.75,34960
2019-09-10 07:00:00,15.75,15.77,15.05,15.34,138500
2019-09-11 07:00:00,15.13,15.34,15.09,15.3,51740
2019-09-12 07:00:00,15.3,15.96,15.3,15.96,70240
2019-09-13 07:00:00,16.35,16.35,15.96,16.13,23770
2019-09-16 07:00:00,15.88,16.66,15.88,16.13,21750
2019-09-17 07:00:00,15.96,16.13,15.8,15.96,60440
2019-09-18 07:00:00,15.75,15.96,15.75,15.88,24390
2019-09-19 07:00:00,15.88,15.88,15.63,15.88,27670
2019-09-20 07:00:00,15.92,15.92,15.46,15.5,47000
2019-09-23 07:00:00,15.55,16.33,15.3,15.46,52170
2019-09-24 07:00:00,15.46,15.46,15.15,15.15,31440
2019-09-25 07:00:00,15.34,15.34,15.15,15.3,29860
2019-09-26 07:00:00,15.34,15.34,15.09,15.26,28240
2019-09-27 07:00:00,15.09,15.3,15.05,15.07,41610
2019-09-30 07:00:00,15.07,15.96,15.07,15.59,44400
2019-10-01 07:00:00,15.55,15.8,15.3,15.55,30280
2019-10-02 07:00:00,15.34,15.5,15.13,15.42,25820
2019-10-03 07:00:00,15.42,15.86,15.3,15.86,63480
2019-10-04 07:00:00,15.94,15.94,15.63,15.75,20220
2019-10-07 07:00:00,15.75,15.75,15.34,15.5,17580
2019-10-08 07:00:00,15.5,15.67,15.36,15.67,84580
2019-10-09 07:00:00,15.67,15.92,15.34,15.67,9450
2019-10-10 07:00:00,15.67,15.96,15.67,15.84,49930
2019-10-11 07:00:00,15.94,15.94,15.5,15.84,10300
2019-10-14 07:00:00,15.67,15.84,15.46,15.84,27610
2019-10-15 07:00:00,15.8,15.8,15.69,15.69,11690
2019-10-16 07:00:00,15.67,15.75,15.38,15.75,51520
2019-10-17 07:00:00,15.75,15.96,15.46,15.96,54420
2019-10-18 07:00:00,15.96,15.96,15.71,15.86,12720
2019-10-21 07:00:00,15.75,15.88,15.5,15.5,15970
2019-10-22 07:00:00,15.5,15.88,15.4,15.88,135900
2019-10-23 07:00:00,16.0,16.58,15.88,16.13,88910
2019-10-24 07:00:00,16.35,16.35,16.04,16.27,42390
2019-10-25 07:00:00,16.33,16.33,16.04,16.04,10690
2019-10-28 07:00:00,15.55,16.21,15.55,15.96,21760
2019-10-29 07:00:00,15.63,15.96,15.59,15.96,19380
2019-10-30 07:00:00,15.71,15.92,15.63,15.92,17320
2019-10-31 07:00:00,15.92,15.92,15.55,15.86,15840
2019-11-01 07:00:00,15.59,15.92,15.59,15.92,113450
2019-11-04 07:00:00,15.92,16.08,15.65,16.08,35520
2019-11-05 07:00:00,16.08,16.08,15.75,16.04,23190
2019-11-06 07:00:00,16.13,16.17,15.86,16.08,28670
2019-11-07 07:00:00,16.08,16.27,16.04,16.17,62390
2019-11-08 07:00:00,16.33,16.33,16.17,16.25,25870
2019-11-11 07:00:00,16.77,16.77,16.13,16.38,29910
2019-11-12 07:00:00,16.08,16.35,15.96,16.33,25940
2019-11-13 07:00:00,16.17,16.31,15.84,16.27,11250
2019-11-14 07:00:00,16.27,16.27,15.92,16.17,29640
2019-11-15 07:00:00,16.17,16.17,15.75,16.11,22220
2019-11-18 07:00:00,16.11,16.11,15.67,15.98,22160
2019-11-19 07:00:00,15.59,15.98,15.59,15.98,16520
2019-11-20 07:00:00,15.75,15.94,15.67,15.75,31940
2019-11-21 07:00:00,15.75,15.84,15.55,15.84,23210
2019-11-22 07:00:00,15.75,15.92,15.55,15.75,13530
2019-11-25 07:00:00,15.67,15.92,15.67,15.69,14530
2019-11-26 07:00:00,15.75,15.88,15.71,15.71,14420
2019-11-27 07:00:00,15.71,15.8,15.55,15.71,41890
2019-11-28 07:00:00,15.38,15.75,15.38,15.67,14890
2019-11-29 07:00:00,15.69,15.69,15.52,15.67,4320
2019-12-02 07:00:00,15.67,15.71,15.34,15.34,43940
2019-12-03 07:00:00,15.55,15.55,15.17,15.38,21400
2019-12-04 07:00:00,15.38,15.55,15.13,15.52,3560
2019-12-05 07:00:00,15.55,16.13,15.34,15.75,27860
2019-12-06 07:00:00,15.71,15.71,15.69,15.69,890
2019-12-09 07:00:00,15.67,15.67,15.17,15.55,21440
2019-12-10 07:00:00,15.55,15.55,14.92,15.55,27460
2019-12-11 07:00:00,15.03,15.5,14.92,15.5,28310
2019-12-12 07:00:00,15.55,15.55,15.13,15.26,20780
2019-12-13 07:00:00,15.42,15.42,15.13,15.26,4730
2019-12-16 07:00:00,15.26,15.34,15.09,15.26,2730
2019-12-17 07:00:00,15.26,15.3,15.13,15.26,17280
2019-12-18 07:00:00,15.26,15.32,14.92,15.32,9550
2019-12-19 07:00:00,15.32,15.32,14.92,14.92,9570
2019-12-20 07:00:00,15.55,15.55,14.92,15.09,7300
2019-12-23 07:00:00,15.38,15.38,14.92,14.92,3850
2019-12-24 07:00:00,14.97,14.97,14.32,14.9,79820
2019-12-25 07:00:00,14.38,14.92,14.38,14.9,13240
2019-12-26 07:00:00,14.92,14.92,14.55,14.88,630
2019-12-27 07:00:00,14.59,14.9,14.59,14.9,16160
2019-12-30 07:00:00,14.84,14.9,14.59,14.59,9740
2019-12-31 07:00:00,14.92,14.92,14.84,14.88,530
2020-01-02 07:00:00,14.88,15.09,14.84,14.88,27230
2020-01-03 07:00:00,15.09,15.09,14.84,14.84,13000
2020-01-06 07:00:00,14.88,15.55,14.8,14.92,11490
2020-01-07 07:00:00,15.13,15.13,14.84,14.92,8250
2020-01-08 07:00:00,14.92,14.92,14.51,14.84,8140
2020-01-09 07:00:00,14.72,14.92,14.51,14.51,41880
2020-01-10 07:00:00,14.76,14.76,14.51,14.51,8760
2020-01-13 07:00:00,14.51,14.51,14.3,14.45,10070
2020-01-14 07:00:00,14.3,14.51,13.93,14.34,30450
2020-01-15 07:00:00,13.89,14.47,13.89,14.43,7700
2020-01-16 07:00:00,14.38,14.43,14.14,14.34,17820
2020-01-17 07:00:00,14.34,14.34,14.14,14.3,18780
2020-01-20 07:00:00,14.3,14.3,13.97,14.3,31990
2020-01-21 07:00:00,14.1,14.3,13.93,13.93,29790
2020-01-22 07:00:00,13.93,14.26,13.93,14.26,18030
2020-01-30 07:00:00,14.26,14.26,13.68,13.85,28690
2020-01-31 07:00:00,13.85,13.85,13.27,13.27,20330
2020-02-03 07:00:00,12.35,12.85,12.35,12.4,27210
2020-02-04 07:00:00,12.85,12.85,12.46,12.79,4350
2020-02-05 07:00:00,12.31,12.64,12.31,12.46,38860
2020-02-06 07:00:00,12.46,13.27,12.46,12.85,50040
2020-02-07 07:00:00,13.27,13.27,12.85,12.93,17340
2020-02-10 07:00:00,12.85,12.93,12.56,12.73,18570
2020-02-11 07:00:00,12.73,12.73,12.44,12.69,42100
2020-02-12 07:00:00,12.69,12.69,12.27,12.6,75170
2020-02-13 07:00:00,12.02,12.56,12.02,12.44,82490
2020-02-14 07:00:00,12.44,13.18,12.35,13.18,140120
2020-02-17 07:00:00,13.18,13.24,12.85,13.06,27360
2020-02-18 07:00:00,13.1,13.18,13.06,13.14,14000
2020-02-19 07:00:00,13.14,14.01,13.14,13.31,39460
2020-02-20 07:00:00,13.89,13.89,13.43,13.68,19920
2020-02-21 07:00:00,13.47,13.85,13.27,13.68,14440
2020-02-24 07:00:00,12.73,13.35,12.73,12.73,42840
2020-02-25 07:00:00,12.73,12.98,12.44,12.73,19990
2020-02-26 07:00:00,12.64,12.64,12.35,12.44,47810
2020-02-27 07:00:00,12.81,12.81,12.44,12.73,11320
2020-02-28 07:00:00,12.44,12.62,12.35,12.6,23530
2020-03-02 07:00:00,12.6,12.77,12.44,12.6,19330
2020-03-03 07:00:00,12.85,13.04,12.69,12.89,24210
2020-03-04 07:00:00,12.6,12.98,12.6,12.85,7080
2020-03-05 07:00:00,12.85,12.89,12.64,12.81,16730
2020-03-06 07:00:00,12.81,12.85,12.64,12.77,10960
2020-03-09 07:00:00,12.44,12.44,11.88,11.88,73590
2020-03-10 07:00:00,11.52,12.44,11.52,12.15,18190
2020-03-11 07:00:00,12.19,12.19,11.3,11.3,82700
2020-03-12 07:00:00,11.3,11.3,10.51,10.51,59610
2020-03-13 07:00:00,9.78,10.28,9.78,9.87,129850
2020-03-16 07:00:00,9.54,10.36,9.54,9.85,65240
2020-03-17 07:00:00,9.18,9.74,9.18,9.66,32020
2020-03-18 07:00:00,10.28,10.28,9.62,9.62,71960
2020-03-19 07:00:00,9.54,9.66,9.37,9.62,24750
2020-03-20 07:00:00,9.62,9.95,9.54,9.58,8020
2020-03-23 07:00:00,9.29,9.45,8.91,8.91,37370
2020-03-24 07:00:00,9.08,9.08,8.83,8.91,38980
2020-03-25 07:00:00,9.47,9.49,9.29,9.49,58500
2020-03-26 07:00:00,9.41,9.95,9.0,9.62,37520
2020-03-27 07:00:00,9.18,9.7,9.18,9.62,52650
2020-03-30 07:00:00,9.08,9.54,8.95,9.54,110560
2020-03-31 07:00:00,9.54,9.62,8.87,9.33,70880
2020-04-01 07:00:00,9.12,9.54,9.12,9.45,13560
2020-04-03 07:00:00,9.45,9.95,9.45,9.95,25960
2020-04-06 07:00:00,10.53,10.61,10.36,10.57,38870
2020-04-07 07:00:00,11.19,11.19,10.36,11.15,41190
2020-04-08 07:00:00,10.78,10.78,10.4,10.68,28700
2020-04-09 07:00:00,10.78,10.99,10.57,10.99,77110
2020-04-10 07:00:00,10.78,11.11,10.78,10.99,21100
2020-04-13 07:00:00,11.03,11.11,10.86,10.99,29560
2020-04-14 07:00:00,11.19,11.19,10.84,11.15,53520
2020-04-15 07:00:00,11.44,11.59,11.36,11.48,34680
2020-04-16 07:00:00,11.54,11.92,11.48,11.92,47220
2020-04-17 07:00:00,12.27,12.56,12.02,12.23,49000
2020-04-20 07:00:00,12.48,12.62,12.23,12.31,57800
2020-04-21 07:00:00,12.31,12.35,11.46,11.46,66530
2020-04-22 07:00:00,11.46,11.61,11.19,11.61,66130
2020-04-23 07:00:00,12.4,12.4,11.65,11.9,26860
2020-04-24 07:00:00,12.0,12.1,11.65,12.1,14580
2020-04-27 07:00:00,12.1,12.15,11.57,11.9,68020
2020-04-28 07:00:00,11.98,11.98,11.59,11.82,21790
2020-04-29 07:00:00,11.88,11.9,11.61,11.88,21400
2020-05-04 07:00:00,11.88,11.88,11.57,11.73,15600
2020-05-05 07:00:00,11.77,11.77,11.44,11.71,5370
2020-05-06 07:00:00,11.71,11.73,11.57,11.71,56460
2020-05-07 07:00:00,11.82,12.06,11.82,11.98,20920
2020-05-08 07:00:00,12.02,12.02,11.86,11.86,40120
2020-05-11 07:00:00,11.79,11.94,11.69,11.79,32810
2020-05-12 07:00:00,11.79,12.02,11.73,12.02,30930
2020-05-13 07:00:00,12.02,12.35,11.9,12.19,77490
2020-05-14 07:00:00,11.94,12.15,11.75,11.98,48400
2020-05-15 07:00:00,12.0,12.02,11.61,12.02,78510
2020-05-18 07:00:00,12.02,12.02,11.69,11.82,12390
2020-05-19 07:00:00,11.82,11.98,11.71,11.82,45490
2020-05-20 07:00:00,11.82,11.82,11.44,11.71,65660
2020-05-21 07:00:00,11.52,11.84,11.52,11.71,39450
2020-05-22 07:00:00,11.77,11.77,11.57,11.61,50860
2020-05-25 07:00:00,11.61,11.69,11.54,11.69,37040
2020-05-26 07:00:00,11.73,11.73,11.61,11.65,32280
2020-05-27 07:00:00,11.69,11.69,11.54,11.54,85760
2020-05-28 07:00:00,11.54,11.57,11.36,11.57,41270
2020-05-29 07:00:00,11.73,11.73,11.36,11.54,33720
2020-06-01 07:00:00,11.54,11.57,11.48,11.54,58880
2020-06-02 07:00:00,11.61,11.61,11.48,11.5,33650
2020-06-03 07:00:00,11.5,11.57,11.44,11.57,12490
2020-06-04 07:00:00,11.61,11.71,11.59,11.69,121340
2020-06-05 07:00:00,11.79,11.79,11.65,11.69,49660
2020-06-08 07:00:00,11.69,12.5,11.61,12.5,202150
2020-06-09 07:00:00,13.18,13.18,12.96,13.06,160130
2020-06-10 07:00:00,13.06,13.06,12.6,12.6,113820
2020-06-11 07:00:00,12.73,12.73,11.73,11.73,129910
2020-06-12 07:00:00,11.4,12.23,11.4,12.02,265750
2020-06-15 07:00:00,12.06,12.06,11.69,11.82,126620
2020-06-16 07:00:00,11.98,12.02,11.75,11.86,28820
2020-06-17 07:00:00,12.29,12.29,11.82,11.96,14190
2020-06-18 07:00:00,12.19,12.4,11.94,12.4,35390
2020-06-19 07:00:00,12.4,12.75,12.4,12.73,55980
2020-06-22 07:00:00,12.73,13.02,12.48,12.73,52130
2020-06-23 07:00:00,12.73,13.12,12.42,12.85,118340
2020-06-24 07:00:00,12.85,13.16,12.73,12.73,49950
2020-06-25 07:00:00,12.19,12.69,12.19,12.52,18610
2020-06-26 07:00:00,12.52,13.0,12.52,12.89,152780
2020-06-29 07:00:00,12.89,12.96,12.44,12.77,69070
2020-06-30 07:00:00,12.85,13.24,12.64,12.87,81140
2020-07-01 07:00:00,13.24,13.24,12.85,12.85,21360
2020-07-02 07:00:00,12.85,13.0,12.75,12.91,34780
2020-07-03 07:00:00,12.96,12.96,12.52,12.52,32570
2020-07-06 07:00:00,12.83,12.83,12.54,12.54,63340
2020-07-07 07:00:00,12.64,12.69,12.52,12.52,40740
2020-07-08 07:00:00,12.52,12.52,12.02,12.15,70180
2020-07-09 07:00:00,12.23,12.42,12.17,12.31,33020
2020-07-10 07:00:00,12.44,12.44,12.15,12.31,14360
2020-07-13 07:00:00,12.31,12.48,12.15,12.23,29730
2020-07-14 07:00:00,12.23,12.23,12.04,12.23,35290
2020-07-15 07:00:00,12.23,12.33,12.21,12.29,21340
2020-07-16 07:00:00,12.29,12.33,12.21,12.23,14610
2020-07-17 07:00:00,12.31,12.48,12.23,12.48,46130
2020-07-20 07:00:00,12.64,13.08,12.64,12.89,96810
2020-07-21 07:00:00,13.06,13.06,12.56,12.69,16150
2020-07-22 07:00:00,12.89,12.89,12.44,12.69,33900
2020-07-23 07:00:00,12.69,12.69,12.35,12.56,16160
2020-07-24 07:00:00,12.56,12.56,11.69,11.82,33060
2020-07-27 07:00:00,11.61,11.61,11.01,11.32,114660
2020-07-28 07:00:00,11.4,12.1,11.4,12.02,43790
2020-07-29 07:00:00,12.02,12.02,11.4,11.82,23490
2020-07-30 07:00:00,11.98,12.02,11.82,12.02,27090
2020-07-31 07:00:00,12.02,12.02,11.82,11.86,9950
2020-08-03 07:00:00,11.86,12.23,11.86,12.02,31850
2020-08-04 07:00:00,12.02,12.6,12.02,12.6,32660
2020-08-05 07:00:00,12.62,12.81,12.6,12.69,78880
2020-08-06 07:00:00,12.69,12.93,12.64,12.64,24310
2020-08-07 07:00:00,12.77,12.77,12.54,12.64,30450
2020-08-10 07:00:00,12.85,13.14,12.64,12.98,129860
2020-08-11 07:00:00,13.06,13.06,12.64,12.89,32440
2020-08-12 07:00:00,12.85,13.06,12.85,12.89,38310
2020-08-13 07:00:00,12.98,12.98,12.44,12.81,35690
2020-08-14 07:00:00,12.81,12.81,12.52,12.73,34710
2020-08-17 07:00:00,12.73,12.73,12.46,12.6,27630
2020-08-18 07:00:00,12.6,12.73,12.52,12.56,21320
2020-08-19 07:00:00,12.64,13.02,12.56,12.93,63830
2020-08-20 07:00:00,13.06,13.8,12.98,13.47,214350
2020-08-21 07:00:00,13.89,13.89,13.68,13.72,92890
2020-08-24 07:00:00,14.1,14.1,13.68,13.89,50260
2020-08-25 07:00:00,13.89,13.89,13.52,13.52,149770
2020-08-26 07:00:00,13.52,14.01,13.37,14.01,138350
2020-08-27 07:00:00,14.01,14.99,13.95,14.99,156900
2020-08-28 07:00:00,14.99,15.01,14.59,14.63,88070
2020-08-31 07:00:00,14.63,14.76,14.47,14.51,93870
2020-09-01 07:00:00,14.51,15.09,14.3,14.76,93370
2020-09-03 07:00:00,14.84,14.88,14.68,14.84,46550
2020-09-04 07:00:00,14.38,14.59,14.3,14.47,112750
2020-09-07 07:00:00,14.51,14.55,14.3,14.51,65640
2020-09-08 07:00:00,14.51,14.72,14.32,14.72,25230
2020-09-09 07:00:00,14.26,14.76,14.26,14.72,72870
2020-09-10 07:00:00,14.72,14.72,14.51,14.55,41750
2020-09-11 07:00:00,14.59,15.34,14.59,15.01,120740
2020-09-14 07:00:00,14.99,15.17,14.97,15.13,40780
2020-09-15 07:00:00,14.99,15.3,14.99,15.09,96100
2020-09-16 07:00:00,15.09,15.13,14.86,14.86,23100
2020-09-17 07:00:00,14.84,14.84,14.55,14.59,68580
2020-09-18 07:00:00,14.59,14.76,14.51,14.55,63160
2020-09-21 07:00:00,14.55,14.8,14.55,14.8,30810
2020-09-22 07:00:00,14.8,14.84,14.68,14.8,43220
2020-09-23 07:00:00,14.76,15.21,14.76,15.01,116260
2020-09-24 07:00:00,15.01,15.17,14.88,15.01,34230
2020-09-25 07:00:00,14.92,15.21,14.76,14.8,32230
2020-09-28 07:00:00,14.92,14.92,14.63,14.8,37640
2020-09-29 07:00:00,14.9,14.92,13.78,14.34,102490
2020-09-30 07:00:00,14.3,14.51,13.97,14.38,87750
2020-10-01 07:00:00,14.68,14.68,14.3,14.51,42130
2020-10-02 07:00:00,14.68,14.68,14.14,14.51,44020
2020-10-05 07:00:00,14.32,14.59,14.26,14.34,61210
2020-10-06 07:00:00,14.34,14.43,14.22,14.34,45110
2020-10-07 07:00:00,14.51,14.51,14.3,14.36,36060
2020-10-08 07:00:00,14.47,14.47,14.24,14.34,30280
2020-10-09 07:00:00,14.3,14.51,14.2,14.34,35000
2020-10-12 07:00:00,14.3,14.51,14.01,14.01,36380
2020-10-13 07:00:00,14.14,14.18,14.01,14.1,49580
2020-10-14 07:00:00,14.28,14.28,13.97,13.97,31090
2020-10-15 07:00:00,14.12,14.22,13.97,14.12,84020
2020-10-16 07:00:00,14.22,14.22,14.05,14.1,62740
2020-10-19 07:00:00,14.1,14.34,14.1,14.22,50370
2020-10-20 07:00:00,14.3,14.38,13.99,14.22,65570
2020-10-21 07:00:00,14.34,14.38,14.01,14.18,123760
2020-10-22 07:00:00,13.93,14.3,13.93,14.1,22510
2020-10-23 07:00:00,14.22,14.22,13.93,14.07,34340
2020-10-26 07:00:00,14.1,14.14,14.01,14.01,22550
2020-10-27 07:00:00,14.01,14.05,13.87,13.89,22990
2020-10-28 07:00:00,13.97,13.97,13.72,13.72,40420
2020-10-29 07:00:00,13.7,13.8,13.6,13.64,55580
2020-10-30 07:00:00,13.89,13.89,13.56,13.64,49360
2020-11-02 07:00:00,13.6,14.05,13.6,13.87,14640
2020-11-03 07:00:00,13.93,13.93,13.8,13.91,29490
2020-11-04 07:00:00,13.95,13.97,13.85,13.95,18630
2020-11-05 07:00:00,13.89,14.07,13.89,13.95,12650
2020-11-06 07:00:00,13.95,14.05,13.76,13.97,40650
2020-11-09 07:00:00,14.03,14.07,13.97,14.07,87070
2020-11-10 07:00:00,14.1,14.28,14.05,14.2,78840
2020-11-11 07:00:00,14.3,14.38,14.1,14.18,85190
2020-11-12 07:00:00,14.3,14.3,14.05,14.26,31060
2020-11-13 07:00:00,14.3,14.3,14.14,14.2,18470
2020-11-16 07:00:00,14.22,14.34,14.01,14.01,56050
2020-11-17 07:00:00,14.01,14.14,13.93,13.99,23120
2020-11-18 07:00:00,13.97,13.97,13.87,13.87,30790
2020-11-19 07:00:00,13.87,13.99,13.74,13.99,73510
2020-11-20 07:00:00,13.99,14.18,13.99,14.14,58310
2020-11-23 07:00:00,14.56,14.56,14.31,14.35,46250
2020-11-24 07:00:00,14.39,14.39,14.26,14.35,61820
2020-11-25 07:00:00,14.46,14.46,14.14,14.26,16660
2020-11-26 07:00:00,14.09,14.22,14.09,14.18,36290
2020-11-27 07:00:00,14.31,14.31,14.09,14.14,41870
2020-11-30 07:00:00,14.09,14.09,13.92,14.05,41320
2020-12-01 07:00:00,14.05,14.05,13.88,13.94,23960
2020-12-02 07:00:00,13.9,13.92,13.75,13.75,57020
2020-12-03 07:00:00,13.75,14.5,13.73,13.97,160510
2020-12-04 07:00:00,14.09,14.35,13.97,14.2,74770
2020-12-07 07:00:00,14.2,14.24,14.09,14.2,85580
2020-12-08 07:00:00,14.26,14.33,14.09,14.09,197040
2020-12-09 07:00:00,14.26,14.26,13.86,14.03,125350
2020-12-10 07:00:00,14.01,14.05,13.86,13.92,123380
2020-12-11 07:00:00,13.92,14.09,13.92,14.03,36270
2020-12-14 07:00:00,14.01,14.07,13.97,13.97,62190
2020-12-15 07:00:00,13.97,13.99,13.86,13.88,73820
2020-12-16 07:00:00,13.88,13.97,13.86,13.97,77380
2020-12-17 07:00:00,14.01,14.01,13.8,13.84,75690
2020-12-18 07:00:00,14.01,14.01,13.8,13.8,85240
2020-12-21 07:00:00,13.8,13.9,13.8,13.86,78380
2020-12-22 07:00:00,13.75,13.86,13.75,13.86,65070
2020-12-23 07:00:00,13.9,14.65,13.9,14.09,214580
2020-12-24 07:00:00,14.65,14.95,14.01,14.95,184380
2020-12-25 07:00:00,14.95,15.03,14.82,15.01,134790
2020-12-28 07:00:00,15.03,15.78,15.03,15.74,260340
2020-12-29 07:00:00,15.74,16.02,15.16,15.72,111490
2020-12-30 07:00:00,15.72,15.93,15.67,15.67,157660
2020-12-31 07:00:00,15.67,16.48,15.38,16.23,170440
2021-01-04 07:00:00,16.23,17.0,16.23,16.83,233400
2021-01-05 07:00:00,17.0,17.13,16.66,16.74,181500
2021-01-06 07:00:00,16.76,16.78,16.23,16.44,118100
2021-01-07 07:00:00,16.44,16.51,16.1,16.23,127600
2021-01-08 07:00:00,16.23,16.44,16.19,16.27,118300
2021-01-11 07:00:00,16.27,17.08,16.27,16.44,173600
2021-01-12 07:00:00,16.36,16.61,16.23,16.57,157600
2021-01-13 07:00:00,16.57,16.57,16.23,16.27,124600
2021-01-14 07:00:00,16.27,16.44,16.23,16.42,165300
2021-01-15 07:00:00,16.42,16.64,16.4,16.48,153200
2021-01-18 07:00:00,16.44,16.61,16.36,16.42,116800
2021-01-19 07:00:00,16.02,16.42,15.29,15.29,194500
2021-01-20 07:00:00,15.38,15.59,14.52,15.35,116700
2021-01-21 07:00:00,15.8,15.8,15.38,15.8,56300
2021-01-22 07:00:00,15.93,16.23,15.38,15.76,115100
2021-01-25 07:00:00,15.76,15.76,15.33,15.63,62600
2021-01-26 07:00:00,15.38,15.38,14.82,14.95,100900
2021-01-27 07:00:00,14.95,15.12,14.09,14.22,115300
2021-01-28 07:00:00,13.24,13.88,13.24,13.24,135800
2021-01-29 07:00:00,13.24,13.97,13.2,13.88,107100
2021-02-01 07:00:00,14.07,14.07,13.28,13.28,109700
2021-02-02 07:00:00,13.28,13.99,13.28,13.99,79300
2021-02-03 07:00:00,14.44,14.52,13.99,14.01,82100
2021-02-04 07:00:00,14.01,14.73,14.01,14.44,77200
2021-02-05 07:00:00,14.44,14.73,14.31,14.44,56400
2021-02-08 07:00:00,14.44,14.44,13.54,13.86,110300
2021-02-09 07:00:00,13.86,14.31,13.5,13.99,56100
2021-02-17 07:00:00,14.05,14.61,14.05,14.41,94600
2021-02-18 07:00:00,14.52,14.52,14.26,14.31,101400
2021-02-19 07:00:00,14.31,14.44,14.16,14.39,119400
2021-02-22 07:00:00,14.39,14.97,14.39,14.63,132000
2021-02-23 07:00:00,14.63,14.73,14.31,14.63,97300
2021-02-24 07:00:00,14.78,14.95,14.26,14.67,109300
2021-02-25 07:00:00,14.67,14.67,14.41,14.65,147100
2021-02-26 07:00:00,14.22,14.52,14.22,14.41,132600
2021-03-01 07:00:00,14.52,14.78,14.44,14.65,117400
2021-03-02 07:00:00,14.78,14.93,14.58,14.63,105700
2021-03-03 07:00:00,14.71,14.71,14.56,14.63,76400
2021-03-04 07:00:00,14.63,14.63,14.35,14.39,88300
2021-03-05 07:00:00,14.39,14.56,13.88,14.56,113200
2021-03-08 07:00:00,14.52,14.52,14.35,14.52,101000
2021-03-09 07:00:00,14.52,14.56,14.41,14.52,75500
2021-03-10 07:00:00,14.61,15.52,14.41,15.52,210500
2021-03-11 07:00:00,16.23,16.23,15.63,15.65,157600
2021-03-12 07:00:00,15.95,15.95,15.2,15.29,77200
2021-03-15 07:00:00,14.99,15.27,14.95,15.1,67900
2021-03-16 07:00:00,15.1,15.84,15.08,15.84,174100
2021-03-17 07:00:00,15.84,16.85,15.76,16.7,317600
2021-03-18 07:00:00,16.7,16.7,16.23,16.59,136000
2021-03-19 07:00:00,16.25,16.57,16.19,16.38,72800
2021-03-22 07:00:00,16.46,16.57,16.14,16.19,71200
2021-03-23 07:00:00,16.19,16.19,15.76,15.97,65200
2021-03-24 07:00:00,15.42,15.84,15.42,15.44,66400
2021-03-25 07:00:00,15.44,15.7,15.38,15.46,39300
2021-03-26 07:00:00,14.61,15.38,14.61,15.2,61900
2021-03-29 07:00:00,15.46,15.8,15.23,15.65,40000
2021-03-30 07:00:00,15.65,15.8,15.61,15.65,25200
2021-03-31 07:00:00,15.65,15.8,15.29,15.38,64600
2021-04-01 07:00:00,15.33,15.74,15.33,15.63,51800
2021-04-02 07:00:00,15.99,15.99,15.63,15.63,128000
2021-04-05 07:00:00,15.8,15.8,15.25,15.59,84200
2021-04-06 07:00:00,15.42,15.59,15.29,15.59,76800
2021-04-07 07:00:00,15.59,15.59,15.33,15.33,60900
2021-04-08 07:00:00,15.59,15.63,15.35,15.55,49500
2021-04-09 07:00:00,15.67,15.8,15.59,15.63,32100
2021-04-12 07:00:00,15.63,15.8,15.5,15.63,50700
2021-04-13 07:00:00,15.61,15.78,15.27,15.38,57000
2021-04-14 07:00:00,15.38,15.55,15.23,15.55,35300
2021-04-15 07:00:00,15.59,15.59,15.2,15.33,53000
2021-04-16 07:00:00,15.2,15.35,14.93,15.08,65800
2021-04-19 07:00:00,15.08,15.08,14.73,14.95,45600
2021-04-20 07:00:00,14.82,15.97,14.63,14.63,65200
2021-04-22 07:00:00,14.63,15.08,14.56,14.86,31000
2021-04-23 07:00:00,14.86,15.12,14.56,15.12,48600
2021-04-26 07:00:00,15.12,15.12,14.56,14.86,32700
2021-04-27 07:00:00,14.52,14.82,14.39,14.52,40800
2021-04-28 07:00:00,14.93,14.93,14.39,14.69,71500
2021-04-29 07:00:00,14.69,14.69,14.52,14.69,18400
2021-05-04 07:00:00,14.61,14.69,14.44,14.56,44800
2021-05-05 07:00:00,14.56,14.86,14.56,14.82,59200
2021-05-06 07:00:00,14.86,15.16,14.52,14.82,46800
2021-05-07 07:00:00,14.9,14.95,14.48,14.82,48200
2021-05-10 07:00:00,14.52,14.9,14.31,14.69,89700
2021-05-11 07:00:00,14.69,14.78,14.39,14.67,130200
2021-05-12 07:00:00,14.52,14.71,14.44,14.71,149900
2021-05-13 07:00:00,14.5,14.69,14.37,14.65,99200
2021-05-14 07:00:00,14.67,15.38,14.54,15.38,165300
2021-05-17 07:00:00,15.46,15.55,14.52,15.29,83000
2021-05-18 07:00:00,15.33,15.33,14.95,15.16,33300
2021-05-19 07:00:00,15.2,15.2,14.33,15.08,52800
2021-05-20 07:00:00,15.08,15.46,14.65,15.25,86000
2021-05-21 07:00:00,15.25,15.38,14.95,15.01,47800
2021-05-24 07:00:00,15.01,15.8,15.01,15.78,218200
2021-05-25 07:00:00,15.97,16.1,15.76,15.91,199300
2021-05-26 07:00:00,15.91,15.91,15.57,15.72,38100
2021-05-27 07:00:00,15.76,15.87,15.42,15.42,70100
2021-05-28 07:00:00,15.38,16.27,15.29,16.16,180300
2021-05-31 07:00:00,15.7,16.16,15.38,15.95,52300
2021-06-01 07:00:00,15.74,15.8,15.38,15.55,20900
2021-06-02 07:00:00,15.55,15.55,14.99,15.52,63800
2021-06-03 07:00:00,15.46,15.52,15.35,15.46,53100
2021-06-04 07:00:00,15.46,15.97,15.25,15.97,53900
2021-06-07 07:00:00,16.14,16.14,15.16,15.67,68400
2021-06-08 07:00:00,15.16,15.59,15.08,15.12,109700
2021-06-09 07:00:00,15.12,15.55,14.95,15.5,62100
2021-06-10 07:00:00,15.72,15.72,15.08,15.44,48800
2021-06-11 07:00:00,15.46,15.55,15.25,15.48,39000
2021-06-14 07:00:00,15.59,15.63,15.38,15.5,70200
2021-06-15 07:00:00,15.52,15.52,15.35,15.38,24200
2021-06-16 07:00:00,15.48,15.48,15.16,15.16,55400
2021-06-17 07:00:00,15.16,15.16,14.73,14.99,108900
2021-06-18 07:00:00,14.99,15.38,14.99,15.12,36500
2021-06-21 07:00:00,15.12,15.29,14.99,15.16,54500
2021-06-22 07:00:00,15.16,15.2,14.95,15.16,57100
2021-06-23 07:00:00,15.16,15.59,15.14,15.48,86000
2021-06-24 07:00:00,15.48,15.48,15.29,15.48,66800
2021-06-25 07:00:00,15.48,15.8,15.31,15.76,155300
2021-06-28 07:00:00,15.76,15.76,15.48,15.63,41100
2021-06-29 07:00:00,15.63,15.63,15.55,15.59,27300
2021-06-30 07:00:00,15.46,16.02,15.42,15.93,72900
2021-07-01 07:00:00,16.02,16.66,16.02,16.48,269100
2021-07-02 07:00:00,16.48,17.04,16.48,16.83,172500
2021-07-05 07:00:00,16.91,17.08,16.36,16.66,74000
2021-07-06 07:00:00,16.66,16.87,16.06,16.06,146600
2021-07-07 07:00:00,16.06,16.19,15.44,15.93,82500
2021-07-08 07:00:00,15.97,16.02,15.59,15.93,38900
2021-07-09 07:00:00,15.93,16.23,15.59,15.8,80700
2021-07-12 07:00:00,15.8,15.8,14.73,15.12,125500
2021-07-13 07:00:00,14.82,15.76,14.82,15.76,27900
2021-07-14 07:00:00,15.8,15.8,14.82,15.5,50400
2021-07-15 07:00:00,14.9,15.8,14.9,15.18,44900
2021-07-16 07:00:00,15.55,15.55,15.1,15.2,24000
2021-07-19 07:00:00,15.25,15.25,14.48,14.84,77700
2021-07-20 07:00:00,14.52,15.2,14.52,15.2,39800
2021-07-21 07:00:00,15.38,15.38,14.95,15.14,30200
2021-07-22 07:00:00,14.95,15.4,14.8,15.38,52300
2021-07-23 07:00:00,15.38,15.46,15.16,15.33,27200
2021-07-26 07:00:00,15.38,16.4,15.38,16.4,255100
2021-07-27 07:00:00,17.21,17.3,16.53,16.89,167000
2021-07-28 07:00:00,16.7,17.02,16.53,17.0,201800
2021-07-29 07:00:00,16.95,17.08,16.66,16.95,113300
2021-07-30 07:00:00,16.95,18.13,16.95,18.13,353500
2021-08-02 07:00:00,18.13,19.39,18.13,19.39,293300
2021-08-03 07:00:00,19.39,19.71,18.88,19.11,180400
2021-08-04 07:00:00,19.11,19.18,18.71,18.83,234400
2021-08-05 07:00:00,18.66,19.62,18.66,19.22,139800
2021-08-06 07:00:00,19.18,19.52,18.83,19.35,165700
2021-08-09 07:00:00,19.41,20.16,19.05,20.05,200600
2021-08-10 07:00:00,20.09,20.12,19.52,19.71,129000
2021-08-11 07:00:00,19.71,19.71,18.54,18.54,283000
2021-08-12 07:00:00,18.62,19.09,18.54,18.6,223600
2021-08-13 07:00:00,18.6,19.05,17.94,18.79,151400
2021-08-16 07:00:00,19.11,19.58,18.83,19.54,172600
2021-08-17 07:00:00,19.54,19.54,19.13,19.41,87400
2021-08-18 07:00:00,19.41,19.65,19.13,19.18,82300
2021-08-19 07:00:00,19.18,19.18,18.79,19.18,123900
2021-08-20 07:00:00,19.18,20.03,19.11,19.6,268100
2021-08-23 07:00:00,19.6,20.97,19.56,20.97,384500
2021-08-24 07:00:00,22.0,22.42,21.06,21.7,222600
2021-08-25 07:00:00,21.18,22.42,20.71,21.44,171000
2021-08-26 07:00:00,21.29,21.65,21.06,21.4,131300
2021-08-27 07:00:00,21.35,21.78,20.84,21.7,153600
2021-08-30 07:00:00,22.55,22.55,21.7,21.78,162300
2021-08-31 07:00:00,21.78,22.85,21.57,22.55,159900
2021-09-01 07:00:00,22.42,22.72,22.29,22.51,115300
2021-09-06 07:00:00,22.51,22.89,21.82,22.89,259700
2021-09-07 07:00:00,22.89,23.49,22.64,22.93,143500
2021-09-08 07:00:00,22.93,23.1,22.64,22.64,173000
2021-09-09 07:00:00,22.64,23.28,22.64,23.28,81600
2021-09-10 07:00:00,23.4,23.4,23.06,23.32,81400
2021-09-13 07:00:00,23.4,24.04,23.32,23.92,58700
2021-09-14 07:00:00,24.34,25.58,24.3,25.58,256700
2021-09-15 07:00:00,26.48,27.33,25.75,26.14,227100
2021-09-16 07:00:00,26.91,26.91,25.62,25.8,113800
2021-09-17 07:00:00,26.05,26.39,25.67,25.8,68200
2021-09-20 07:00:00,25.84,27.55,25.71,26.86,118400
2021-09-21 07:00:00,26.48,26.69,25.71,26.39,100600
2021-09-22 07:00:00,27.2,27.55,26.48,27.42,59600
2021-09-23 07:00:00,27.93,27.93,26.52,26.69,80000
2021-09-24 07:00:00,26.91,26.91,25.84,25.84,121300
2021-09-27 07:00:00,25.67,25.8,24.04,24.47,201000
2021-09-28 07:00:00,24.34,25.45,23.49,25.2,88100
2021-09-29 07:00:00,25.2,25.2,23.53,25.16,50600
2021-09-30 07:00:00,24.77,25.16,24.77,25.11,44700
2021-10-01 07:00:00,24.86,25.88,24.26,24.69,88100
2021-10-04 07:00:00,24.73,24.9,24.26,24.64,65500
2021-10-05 07:00:00,24.52,25.45,24.34,25.37,80000
2021-10-06 07:00:00,25.41,25.54,24.98,25.37,42400
2021-10-07 07:00:00,26.48,26.48,25.28,26.18,44100
2021-10-08 07:00:00,26.22,26.22,25.62,26.18,75800
2021-10-11 07:00:00,26.18,26.18,25.71,26.05,35200
2021-10-12 07:00:00,26.18,26.18,25.62,26.01,26700
2021-10-13 07:00:00,25.75,26.1,25.75,25.92,31100
2021-10-14 07:00:00,26.05,27.33,26.05,26.39,65800
2021-10-15 07:00:00,26.82,26.82,26.22,26.48,47100
2021-10-18 07:00:00,26.48,26.48,25.71,26.05,34200
2021-10-19 07:00:00,25.62,25.84,25.33,25.5,24500
2021-10-20 07:00:00,25.33,25.84,25.33,25.45,43300
2021-10-21 07:00:00,25.45,26.14,25.45,26.05,19300
2021-10-22 07:00:00,26.05,26.14,25.45,26.01,32500
2021-10-25 07:00:00,26.01,26.01,25.37,25.62,49500
2021-10-26 07:00:00,25.45,25.62,25.2,25.45,34300
2021-10-27 07:00:00,25.45,26.27,25.28,25.84,58600
2021-10-28 07:00:00,26.27,26.39,25.62,26.39,73200
2021-10-29 07:00:00,26.95,27.29,26.74,26.91,84100
2021-11-01 07:00:00,28.19,28.19,26.91,27.33,76500
2021-11-02 07:00:00,27.29,27.38,26.69,27.25,73400
2021-11-03 07:00:00,26.31,27.29,26.31,26.65,124500
2021-11-04 07:00:00,26.86,26.86,26.48,26.86,43800
2021-11-05 07:00:00,26.86,27.12,26.61,27.12,63100
2021-11-08 07:00:00,27.16,27.55,27.12,27.46,41200
2021-11-09 07:00:00,27.76,27.97,27.42,27.76,39000
2021-11-10 07:00:00,27.97,27.97,27.12,27.68,65500
2021-11-11 07:00:00,27.55,27.55,25.75,27.33,61700
2021-11-12 07:00:00,27.33,27.38,26.91,27.38,37800
2021-11-15 07:00:00,27.55,27.76,27.12,27.25,26200
2021-11-16 07:00:00,27.25,27.33,26.69,27.29,54700
2021-11-17 07:00:00,27.33,27.59,26.91,27.59,74400
2021-11-18 07:00:00,27.63,29.51,27.63,29.47,243800
2021-11-19 07:00:00,31.13,31.13,27.42,29.85,86000
2021-11-22 07:00:00,28.19,29.85,28.19,28.57,33700
2021-11-23 07:00:00,26.65,28.36,26.65,28.36,86700
2021-11-24 07:00:00,28.4,29.17,27.5,29.17,61900
2021-11-25 07:00:00,29.17,29.47,29.13,29.26,84700
2021-11-26 07:00:00,29.26,29.26,27.97,27.97,44300
2021-11-29 07:00:00,26.95,28.36,26.48,27.25,67000
2021-11-30 07:00:00,26.95,27.25,26.48,26.48,99200
2021-12-01 07:00:00,26.52,27.12,26.52,26.69,270200
2021-12-02 07:00:00,26.69,26.74,26.31,26.65,217500
2021-12-03 07:00:00,26.65,26.65,25.97,26.01,215600
2021-12-06 07:00:00,26.05,26.05,25.67,25.67,90100
2021-12-07 07:00:00,25.67,26.65,25.67,25.97,140600
2021-12-08 07:00:00,25.97,26.05,25.62,25.92,85800
2021-12-09 07:00:00,25.97,26.05,25.67,26.05,21300
2021-12-10 07:00:00,26.05,26.48,25.71,26.48,43400
2021-12-13 07:00:00,26.86,26.86,26.1,26.27,37400
2021-12-14 07:00:00,26.69,26.69,25.8,25.84,80200
2021-12-15 07:00:00,25.8,26.01,25.75,25.75,73100
2021-12-16 07:00:00,25.62,25.88,25.45,25.67,42800
2021-12-17 07:00:00,25.67,26.01,25.54,25.8,47100
2021-12-20 07:00:00,25.62,26.05,25.2,25.33,78000
2021-12-21 07:00:00,25.2,25.33,24.81,25.33,41700
2021-12-22 07:00:00,25.2,25.58,24.77,25.37,81600
2021-12-23 07:00:00,24.98,25.37,24.77,24.77,36800
2021-12-24 07:00:00,24.81,25.54,24.77,25.2,18700
2021-12-27 07:00:00,24.34,25.62,24.34,25.5,19500
2021-12-28 07:00:00,25.41,25.62,25.2,25.62,12700
2021-12-29 07:00:00,25.28,25.75,24.98,25.62,13100
2021-12-30 07:00:00,25.71,25.84,25.37,25.41,17400
2021-12-31 07:00:00,25.62,25.62,25.07,25.62,13900
2022-01-04 07:00:00,25.62,26.05,24.6,26.05,118800
2022-01-05 07:00:00,26.69,26.69,25.62,26.56,21900
2022-01-06 07:00:00,26.39,26.39,24.77,25.62,91100
2022-01-07 07:00:00,25.37,25.37,25.11,25.2,40600
2022-01-10 07:00:00,25.16,25.16,24.34,24.34,50400
2022-01-11 07:00:00,24.34,24.34,23.23,23.49,76500
2022-01-12 07:00:00,22.64,23.49,21.87,23.49,108300
2022-01-13 07:00:00,23.49,24.3,22.64,23.4,39400
2022-01-14 07:00:00,23.49,23.49,22.42,23.19,39900
2022-01-17 07:00:00,22.25,23.19,21.78,21.78,65400
2022-01-18 07:00:00,21.57,22.17,21.18,21.18,25800
2022-01-19 07:00:00,21.14,22.64,21.14,22.64,41100
2022-01-20 07:00:00,23.06,23.36,22.64,23.36,24100
2022-01-21 07:00:00,23.06,23.49,22.81,23.28,52200
2022-01-24 07:00:00,23.06,23.06,21.65,22.04,40800
2022-01-25 07:00:00,22.04,22.04,21.14,22.04,65600
2022-01-26 07:00:00,22.12,22.12,21.27,22.0,38100
2022-01-27 07:00:00,21.87,22.12,21.74,22.12,31300
2022-01-28 07:00:00,22.12,23.4,22.08,23.23,30300
2022-02-07 07:00:00,24.69,24.86,23.66,24.86,81800
2022-02-08 07:00:00,25.62,25.71,24.9,25.03,46000
2022-02-09 07:00:00,25.58,25.88,25.11,25.62,95600
2022-02-10 07:00:00,26.88,26.88,25.67,26.09,17600
2022-02-11 07:00:00,24.69,25.95,24.69,25.86,14300
2022-02-14 07:00:00,25.86,25.95,25.39,25.76,14200
2022-02-15 07:00:00,25.21,25.86,25.16,25.58,25000
2022-02-16 07:00:00,25.39,26.09,25.39,26.09,56400
2022-02-17 07:00:00,26.74,26.74,25.67,26.42,10200
2022-02-18 07:00:00,26.23,26.56,26.18,26.42,37700
2022-02-21 07:00:00,26.42,27.02,26.14,26.65,25400
2022-02-22 07:00:00,26.56,26.56,26.23,26.42,18500
2022-02-23 07:00:00,26.42,26.65,26.32,26.6,18500
2022-02-24 07:00:00,26.6,26.6,25.16,26.23,42600
2022-02-25 07:00:00,26.23,26.32,25.86,25.86,8000
2022-02-28 07:00:00,26.09,26.09,25.62,25.62,21000
2022-03-01 07:00:00,25.62,25.62,25.16,25.48,21000
2022-03-02 07:00:00,25.48,25.48,25.16,25.48,31700
2022-03-03 07:00:00,26.09,26.09,25.21,26.0,10400
2022-03-04 07:00:00,26.04,26.09,25.35,26.04,27100
2022-03-07 07:00:00,25.16,26.04,25.16,25.86,7900
2022-03-08 07:00:00,25.72,25.9,25.21,25.25,22000
2022-03-09 07:00:00,25.25,25.53,24.97,25.16,12900
2022-03-10 07:00:00,26.09,26.46,25.62,26.0,47400
2022-03-11 07:00:00,26.04,26.14,25.25,25.9,20500
2022-03-14 07:00:00,26.09,26.09,25.25,25.76,28000
2022-03-15 07:00:00,25.39,26.0,25.25,25.86,35700
2022-03-16 07:00:00,26.04,26.04,25.16,25.86,16700
2022-03-17 07:00:00,25.95,27.63,25.95,27.63,305400
2022-03-18 07:00:00,28.89,28.89,27.63,27.72,73200
2022-03-21 07:00:00,27.91,27.91,27.02,27.49,12200
2022-03-22 07:00:00,27.07,27.26,25.62,25.72,170800
2022-03-23 07:00:00,25.72,26.23,25.72,26.18,42100
2022-03-24 07:00:00,26.32,27.02,25.86,26.32,53500
2022-03-25 07:00:00,26.98,26.98,26.14,26.18,70200
2022-03-28 07:00:00,26.09,26.18,25.67,26.0,64800
2022-03-29 07:00:00,26.09,27.82,26.09,27.82,258800
2022-03-30 07:00:00,29.35,29.35,25.9,28.47,192000
2022-03-31 07:00:00,28.51,29.35,28.33,29.35,249700
2022-04-01 07:00:00,28.0,30.05,28.0,29.58,142900
2022-04-04 07:00:00,29.82,29.82,28.89,29.26,139200
2022-04-05 07:00:00,29.26,29.91,28.7,29.49,110200
2022-04-06 07:00:00,29.82,30.8,29.35,30.28,140100
2022-04-07 07:00:00,30.75,31.59,30.28,30.52,102200
2022-04-08 07:00:00,30.75,31.22,28.93,29.68,77900
2022-04-12 07:00:00,30.1,30.19,28.56,29.82,202500
2022-04-13 07:00:00,30.47,30.47,29.63,30.24,156800
2022-04-14 07:00:00,30.47,30.75,29.82,30.7,176700
2022-04-15 07:00:00,30.75,32.61,30.75,32.1,256000
2022-04-18 07:00:00,32.19,33.08,32.19,32.94,113600
2022-04-19 07:00:00,33.03,33.08,30.66,30.66,150900
2022-04-20 07:00:00,30.61,32.8,29.21,32.61,303900
2022-04-21 07:00:00,32.61,32.61,30.52,32.15,67900
2022-04-22 07:00:00,31.22,31.68,29.91,31.08,310300
2022-04-25 07:00:00,30.33,30.38,28.93,28.93,311900
2022-04-26 07:00:00,29.35,29.45,26.98,29.45,71600
2022-04-27 07:00:00,29.45,29.77,28.0,29.68,28900
2022-04-28 07:00:00,29.82,30.52,29.12,29.96,38400
2022-04-29 07:00:00,30.89,30.89,29.12,30.19,52100
2022-05-04 07:00:00,30.19,30.19,29.45,29.68,14900
2022-05-05 07:00:00,29.68,30.24,29.35,30.14,234800
2022-05-06 07:00:00,28.89,29.91,28.23,29.45,45000
2022-05-09 07:00:00,29.4,29.4,28.05,29.12,36300
2022-05-10 07:00:00,27.16,28.65,27.12,28.61,42300
2022-05-11 07:00:00,28.37,29.03,27.96,29.03,43800
2022-05-12 07:00:00,29.35,29.35,27.49,27.49,33000
2022-05-13 07:00:00,27.49,27.72,26.09,26.51,52300
2022-05-16 07:00:00,26.51,27.96,24.69,25.16,32400
2022-05-17 07:00:00,25.62,26.56,23.44,26.56,243500
2022-05-18 07:00:00,27.07,27.49,26.56,27.49,19800
2022-05-19 07:00:00,27.44,27.44,25.58,26.23,187000
2022-05-20 07:00:00,26.46,27.26,24.6,27.26,85500
2022-05-23 07:00:00,27.26,27.26,25.62,26.79,24400
2022-05-24 07:00:00,25.76,26.51,24.93,26.0,64900
2022-05-25 07:00:00,25.11,27.49,25.11,27.49,73200
2022-05-26 07:00:00,27.49,27.86,25.58,27.49,245900
2022-05-27 07:00:00,27.49,28.37,27.35,28.33,52700
2022-05-30 07:00:00,28.42,28.51,27.96,28.33,321700
2022-05-31 07:00:00,28.23,28.28,27.4,28.05,39700
2022-06-01 07:00:00,28.05,28.05,27.02,27.16,31600
2022-06-02 07:00:00,27.07,27.49,26.23,27.44,29100
2022-06-03 07:00:00,27.44,28.42,26.6,28.42,79500
2022-06-06 07:00:00,28.42,28.47,27.49,28.14,26000
2022-06-07 07:00:00,27.49,28.14,27.3,27.96,43900
2022-06-08 07:00:00,27.96,28.33,27.82,28.33,30900
2022-06-09 07:00:00,28.56,28.56,28.09,28.42,18900
2022-06-10 07:00:00,28.28,28.37,27.44,27.91,40800
2022-06-13 07:00:00,27.12,27.12,26.0,26.79,66700
2022-06-14 07:00:00,26.93,26.93,25.86,26.6,13900
2022-06-15 07:00:00,26.09,26.28,25.3,26.09,20300
2022-06-16 07:00:00,27.86,27.86,26.09,27.12,16800
2022-06-17 07:00:00,26.14,26.84,26.04,26.7,18300
2022-06-20 07:00:00,26.7,26.7,25.72,25.76,8400
2022-06-21 07:00:00,25.81,26.74,25.3,25.76,33400
2022-06-22 07:00:00,25.62,27.02,25.53,26.0,12600
2022-06-23 07:00:00,25.95,25.95,25.16,25.62,30100
2022-06-24 07:00:00,25.62,27.02,25.3,27.02,26100
2022-06-27 07:00:00,26.79,27.96,26.79,27.91,48300
2022-06-28 07:00:00,27.96,27.96,26.32,27.91,36500
2022-06-29 07:00:00,27.96,27.96,27.12,27.4,9000
2022-06-30 07:00:00,27.44,27.44,26.23,27.26,21600
2022-07-01 07:00:00,27.16,28.89,25.53,28.89,45100
2022-07-04 07:00:00,28.79,28.79,26.88,27.26,40100
2022-07-05 07:00:00,27.44,27.44,25.72,26.93,16600
2022-07-06 07:00:00,25.44,26.79,25.39,26.46,15100
2022-07-07 07:00:00,27.02,27.02,25.62,26.56,20200
2022-07-08 07:00:00,26.56,26.56,26.28,26.56,7300
2022-07-11 07:00:00,26.56,26.6,25.9,26.46,31600
2022-07-12 07:00:00,26.46,27.26,25.9,27.26,13800
2022-07-13 07:00:00,27.82,27.82,26.42,27.68,4900
2022-07-14 07:00:00,27.68,27.96,26.51,27.72,18000
2022-07-15 07:00:00,27.16,27.44,26.09,27.35,31000
2022-07-18 07:00:00,27.82,27.82,26.28,27.49,9300
2022-07-19 07:00:00,27.26,27.26,26.42,27.02,22900
2022-07-20 07:00:00,27.02,27.91,27.02,27.44,23400
2022-07-21 07:00:00,27.26,27.49,26.74,27.49,26600
2022-07-22 07:00:00,27.02,27.26,26.56,26.56,4200
2022-07-25 07:00:00,26.56,27.44,26.37,27.44,13200
2022-07-26 07:00:00,26.42,27.3,26.42,27.3,8300
2022-07-27 07:00:00,27.02,27.72,27.02,27.68,63400
2022-07-28 07:00:00,27.12,27.86,27.12,27.16,17700
2022-07-29 07:00:00,27.44,27.44,27.26,27.44,4800
2022-08-01 07:00:00,27.96,28.75,27.96,28.75,27100
2022-08-02 07:00:00,28.89,28.89,28.23,28.89,18800
2022-08-03 07:00:00,27.82,28.84,27.58,28.42,31600
2022-08-04 07:00:00,27.96,29.35,27.96,29.21,39400
2022-08-05 07:00:00,28.65,29.12,28.05,29.12,44100
2022-08-08 07:00:00,28.42,29.12,28.42,29.12,28300
2022-08-09 07:00:00,29.07,29.35,28.65,29.35,57000
2022-08-10 07:00:00,28.93,29.12,28.84,28.84,40600
2022-08-11 07:00:00,28.84,29.45,28.84,29.07,93000
2022-08-12 07:00:00,28.79,30.1,28.79,29.86,80700
2022-08-15 07:00:00,29.45,31.31,29.45,31.31,101700
2022-08-16 07:00:00,31.03,31.54,31.03,31.54,91600
2022-08-17 07:00:00,31.22,31.54,30.98,31.45,38300
2022-08-18 07:00:00,31.45,32.61,31.22,32.15,102100
2022-08-19 07:00:00,31.92,31.92,31.22,31.59,46800
2022-08-22 07:00:00,30.89,31.45,30.61,31.22,55300
2022-08-23 07:00:00,30.42,31.17,30.42,31.03,68800
2022-08-24 07:00:00,31.03,31.12,29.82,29.82,67000
2022-08-25 07:00:00,29.82,29.82,28.65,28.84,219400
2022-08-26 07:00:00,28.51,28.89,27.72,27.96,238600
2022-08-29 07:00:00,27.96,28.42,27.58,28.37,112700
2022-08-30 07:00:00,28.47,29.26,28.19,28.65,365800
2022-08-31 07:00:00,28.19,28.42,27.35,27.49,832900
2022-09-05 07:00:00,27.91,28.28,27.4,28.19,1300600
2022-09-06 07:00:00,28.28,30.14,28.23,30.14,560600
2022-09-07 07:00:00,30.28,30.28,29.26,29.4,377900
2022-09-08 07:00:00,30.1,30.14,29.26,29.58,205600
2022-09-09 07:00:00,29.72,30.0,29.4,30.0,173700
2022-09-12 07:00:00,31.13,32.06,30.16,32.06,318700
2022-09-13 07:00:00,32.38,33.72,32.38,32.63,188400
2022-09-14 07:00:00,32.63,32.63,31.8,32.44,129300
2022-09-15 07:00:00,32.7,33.98,32.25,33.98,255800
2022-09-16 07:00:00,34.62,35.13,33.27,33.85,243500
2022-09-19 07:00:00,33.92,33.98,32.12,33.02,160000
2022-09-20 07:00:00,32.95,33.66,32.44,33.34,154900
2022-09-21 07:00:00,33.47,33.47,32.51,32.63,59400
2022-09-22 07:00:00,32.18,32.7,31.99,32.63,124800
2022-09-23 07:00:00,32.7,32.83,32.06,32.44,71800
2022-09-26 07:00:00,32.7,32.7,30.26,30.45,186700
2022-09-27 07:00:00,29.49,31.03,29.49,31.03,75600
2022-09-28 07:00:00,30.45,30.71,29.75,29.75,75700
2022-09-29 07:00:00,29.68,30.71,28.59,28.59,182100
2022-09-30 07:00:00,28.59,29.43,27.92,29.36,68700
2022-10-03 07:00:00,29.36,29.36,27.31,27.31,126800
2022-10-04 07:00:00,27.31,28.08,27.31,27.86,67400
2022-10-05 07:00:00,28.85,29.24,28.02,28.53,28500
2022-10-06 07:00:00,28.27,28.82,27.31,27.34,27900
2022-10-07 07:00:00,27.34,27.34,25.45,25.45,218000
2022-10-10 07:00:00,23.91,26.61,23.91,26.61,105200
2022-10-11 07:00:00,26.86,26.86,24.75,24.75,200100
2022-10-12 07:00:00,24.75,26.03,24.62,26.03,54400
2022-10-13 07:00:00,26.86,26.86,24.78,26.86,170800
2022-10-14 07:00:00,27.7,27.7,25.71,25.9,66100
2022-10-17 07:00:00,25.64,25.64,24.88,25.64,118300
2022-10-18 07:00:00,26.29,26.29,25.29,25.84,93300
2022-10-19 07:00:00,26.29,26.41,25.84,26.22,125500
2022-10-20 07:00:00,26.48,26.48,25.84,26.22,18400
2022-10-21 07:00:00,26.29,26.29,25.13,25.84,58500
2022-10-24 07:00:00,25.97,25.97,24.04,24.36,125000
2022-10-25 07:00:00,24.78,25.0,22.76,25.0,93200
2022-10-26 07:00:00,25.55,25.55,24.78,25.26,29900
2022-10-27 07:00:00,25.32,25.52,24.56,25.48,74100
2022-10-28 07:00:00,25.48,25.61,24.36,25.39,34800
2022-10-31 07:00:00,24.49,25.29,23.79,25.16,54500
2022-11-01 07:00:00,25.16,25.16,24.36,24.68,42000
2022-11-02 07:00:00,24.33,24.65,23.08,24.65,128900
2022-11-03 07:00:00,24.36,24.36,23.08,23.62,116100
2022-11-04 07:00:00,23.02,23.08,21.99,21.99,282400
2022-11-07 07:00:00,22.06,22.06,20.45,20.52,266300
2022-11-08 07:00:00,20.55,21.48,20.52,21.28,85300
2022-11-09 07:00:00,21.8,22.76,21.73,22.7,167700
2022-11-10 07:00:00,23.02,23.05,21.12,21.77,167600
2022-11-11 07:00:00,23.02,23.02,22.12,22.44,222100
2022-11-14 07:00:00,22.44,22.44,20.93,22.44,93900
2022-11-15 07:00:00,22.41,22.41,20.87,20.87,172400
2022-11-16 07:00:00,20.2,22.31,19.43,22.31,191300
2022-11-17 07:00:00,22.38,23.5,22.38,22.95,97400
2022-11-18 07:00:00,23.37,23.37,22.12,22.92,36700
2022-11-21 07:00:00,22.92,22.95,22.25,22.89,8800
2022-11-22 07:00:00,22.92,23.72,22.18,23.05,76800
2022-11-23 07:00:00,23.05,23.5,21.86,22.7,42100
2022-11-24 07:00:00,21.86,23.21,21.86,23.21,23600
2022-11-25 07:00:00,23.53,23.53,22.54,23.46,33600
2022-11-28 07:00:00,24.17,24.36,23.46,24.24,37100
2022-11-29 07:00:00,24.24,25.32,24.2,25.32,96100
2022-11-30 07:00:00,25.58,26.41,25.13,26.41,132600
2022-12-01 07:00:00,26.61,26.8,26.09,26.29,97900
2022-12-02 07:00:00,26.61,26.93,25.32,26.93,102200
2022-12-05 07:00:00,26.93,26.93,26.09,26.41,62600
2022-12-06 07:00:00,26.41,26.41,25.45,25.64,37500
2022-12-07 07:00:00,25.48,25.52,25.0,25.36,26800
2022-12-08 07:00:00,25.36,26.19,25.36,26.16,36300
2022-12-09 07:00:00,25.97,25.97,25.26,25.64,50500
2022-12-12 07:00:00,26.54,26.54,25.2,25.9,16800
2022-12-13 07:00:00,26.16,26.16,25.0,25.68,27500
2022-12-14 07:00:00,25.13,25.93,25.0,25.45,29600
2022-12-15 07:00:00,25.61,25.61,24.81,25.52,31400
2022-12-16 07:00:00,25.52,25.52,25.0,25.39,19400
2022-12-19 07:00:00,25.0,25.39,24.91,25.39,27600
2022-12-20 07:00:00,24.49,24.91,23.72,24.62,46300
2022-12-21 07:00:00,24.62,24.62,23.66,24.4,106500
2022-12-22 07:00:00,25.0,25.64,24.52,25.04,13800
2022-12-23 07:00:00,25.1,25.1,24.88,25.0,6600
2022-12-26 07:00:00,25.0,25.0,23.66,23.66,40200
2022-12-27 07:00:00,23.66,24.94,23.66,24.49,37800
2022-12-28 07:00:00,24.56,24.56,24.04,24.36,27900
2022-12-29 07:00:00,23.08,24.94,23.08,24.94,21500
2022-12-30 07:00:00,24.4,25.64,23.4,25.64,121400
2023-01-03 07:00:00,25.0,26.61,25.0,26.61,74900
2023-01-04 07:00:00,26.9,26.9,24.75,26.35,40700
2023-01-05 07:00:00,26.25,26.41,25.77,26.41,62800
2023-01-06 07:00:00,26.61,26.61,25.45,26.25,39900
2023-01-09 07:00:00,26.22,26.22,24.88,25.64,78500
2023-01-10 07:00:00,26.93,26.96,25.32,26.54,66700
2023-01-11 07:00:00,26.32,26.32,25.0,26.19,102700
2023-01-12 07:00:00,26.16,26.16,25.2,25.97,21800
2023-01-13 07:00:00,25.26,26.29,25.26,25.8,77900
2023-01-16 07:00:00,25.97,25.97,25.13,25.84,7400
2023-01-17 07:00:00,26.0,26.0,25.52,25.97,14800
2023-01-18 07:00:00,25.97,26.29,25.77,26.29,54400
2023-01-19 07:00:00,26.25,26.86,25.8,26.67,61400
2023-01-27 07:00:00,26.93,27.89,26.93,27.89,192500
2023-01-30 07:00:00,27.89,28.14,27.22,27.57,34300
2023-01-31 07:00:00,27.57,27.63,26.61,27.63,54200
2023-02-01 07:00:00,26.99,27.76,26.51,26.67,46800
2023-02-02 07:00:00,25.77,27.47,25.74,27.18,42700
2023-02-03 07:00:00,26.93,27.57,26.83,27.57,40200
2023-02-06 07:00:00,27.54,27.57,26.93,27.25,11800
2023-02-07 07:00:00,26.93,27.57,26.48,26.48,117100
2023-02-08 07:00:00,27.22,27.25,25.84,26.9,32100
2023-02-09 07:00:00,26.9,27.18,26.74,26.9,13800
2023-02-10 07:00:00,26.86,26.86,25.77,26.61,18000
2023-02-13 07:00:00,25.8,26.86,25.16,26.86,36100
2023-02-14 07:00:00,26.86,26.86,25.64,26.86,21100
2023-02-15 07:00:00,25.87,26.8,25.8,26.67,26700
2023-02-16 07:00:00,26.67,26.67,25.71,26.48,13500
2023-02-17 07:00:00,25.87,26.45,25.87,26.45,37800
2023-02-20 07:00:00,26.51,26.86,26.09,26.86,44300
2023-02-21 07:00:00,26.41,27.18,26.41,26.86,12900
2023-02-22 07:00:00,26.03,26.25,25.64,25.64,97600
2023-02-23 07:00:00,25.61,26.22,25.32,26.22,45600
2023-02-24 07:00:00,26.54,26.54,25.48,26.0,19000
2023-02-27 07:00:00,25.07,25.9,24.72,25.58,20400
2023-02-28 07:00:00,25.74,26.29,25.0,26.03,44600
2023-03-01 07:00:00,25.58,26.22,25.58,26.22,20600
2023-03-02 07:00:00,26.25,26.25,25.64,25.93,11300
2023-03-03 07:00:00,25.71,25.71,25.13,25.2,20800
2023-03-06 07:00:00,25.84,26.16,25.1,25.93,41600
2023-03-07 07:00:00,25.93,25.93,25.58,25.87,12000
2023-03-08 07:00:00,25.13,26.09,25.13,26.09,18100
2023-03-09 07:00:00,26.03,26.03,25.64,25.97,14500
2023-03-10 07:00:00,25.93,26.48,25.61,26.29,87700
2023-03-13 07:00:00,25.71,26.25,25.39,26.16,23300
2023-03-14 07:00:00,25.64,25.84,25.26,25.26,62000
2023-03-15 07:00:00,26.16,26.48,25.64,26.48,88300
2023-03-16 07:00:00,25.97,26.41,25.58,26.29,25600
2023-03-17 07:00:00,26.19,26.54,25.87,26.35,24300
2023-03-20 07:00:00,26.54,26.54,25.68,25.84,28700
2023-03-21 07:00:00,26.25,26.29,25.61,26.25,18400
2023-03-22 07:00:00,26.35,26.35,25.74,25.77,8300
2023-03-23 07:00:00,25.77,25.97,25.26,25.97,37300
2023-03-24 07:00:00,26.29,26.29,25.64,26.0,36000
2023-03-27 07:00:00,26.0,26.0,25.45,25.93,46600
2023-03-28 07:00:00,25.9,25.93,25.45,25.9,51500
2023-03-29 07:00:00,25.52,25.64,25.32,25.64,51500
2023-03-30 07:00:00,25.39,25.64,25.39,25.61,16500
2023-03-31 07:00:00,25.71,25.77,25.29,25.58,43100
2023-04-03 07:00:00,25.58,26.19,25.32,26.03,65000
2023-04-04 07:00:00,25.45,26.0,25.45,26.0,35400
2023-04-05 07:00:00,26.16,26.86,25.77,26.86,154900
2023-04-06 07:00:00,26.93,26.93,26.03,26.58,18500
2023-04-07 07:00:00,26.61,26.86,25.74,26.67,29300
2023-04-10 07:00:00,26.8,26.93,26.29,26.67,21900
2023-04-11 07:00:00,26.77,26.77,25.97,26.77,9000
2023-04-12 07:00:00,26.16,26.93,26.16,26.61,158400
2023-04-13 07:00:00,26.93,26.93,26.35,26.83,28400
2023-04-14 07:00:00,26.86,26.86,26.45,26.83,12200
2023-04-17 07:00:00,26.86,26.86,26.38,26.83,28800
2023-04-18 07:00:00,26.74,26.8,26.41,26.8,9500
2023-04-19 07:00:00,26.38,26.8,26.38,26.8,46300
2023-04-20 07:00:00,26.93,27.22,26.41,26.7,36500
2023-04-21 07:00:00,26.67,26.9,26.41,26.7,14900
2023-04-24 07:00:00,27.25,27.25,26.41,26.61,19900
2023-04-25 07:00:00,26.9,26.9,25.77,26.48,47200
2023-04-26 07:00:00,26.45,26.54,25.9,26.54,18400
2023-04-27 07:00:00,26.54,26.61,25.77,26.61,77800
2023-04-28 07:00:00,26.35,26.67,26.32,26.67,15300
2023-05-04 07:00:00,26.67,26.67,26.0,26.64,10500
2023-05-05 07:00:00,26.09,26.61,26.09,26.61,6200
2023-05-08 07:00:00,26.61,26.61,26.25,26.61,27900
2023-05-09 07:00:00,26.29,26.58,26.29,26.58,26500
2023-05-10 07:00:00,26.61,26.61,26.29,26.58,22100
2023-05-11 07:00:00,26.58,26.61,26.19,26.58,37200
2023-05-12 07:00:00,26.58,26.58,25.64,26.54,40400
2023-05-15 07:00:00,26.54,26.54,26.09,26.54,18700
2023-05-16 07:00:00,26.74,26.74,25.8,26.45,45700
2023-05-17 07:00:00,26.45,26.45,26.16,26.29,29500
2023-05-18 07:00:00,26.29,26.48,26.06,26.29,17300
2023-05-19 07:00:00,26.54,26.54,25.9,26.22,43000
2023-05-22 07:00:00,25.97,26.16,25.87,26.16,21300
2023-05-23 07:00:00,25.87,26.06,25.87,25.97,28100
2023-05-24 07:00:00,26.09,26.13,25.64,26.13,177300
2023-05-25 07:00:00,25.84,26.09,25.77,26.09,17500
2023-05-26 07:00:00,26.25,26.25,25.77,25.97,66700
2023-05-29 07:00:00,25.97,26.48,25.8,26.38,103900
2023-05-30 07:00:00,26.09,26.48,26.0,26.29,67600
2023-05-31 07:00:00,26.48,26.48,26.16,26.19,25800
2023-06-01 07:00:00,26.16,26.29,25.97,26.29,43500
2023-06-02 07:00:00,26.29,26.41,26.16,26.41,61000
2023-06-05 07:00:00,26.41,28.24,26.41,28.24,207100
2023-06-06 07:00:00,29.81,29.81,28.18,29.3,50200
2023-06-07 07:00:00,28.34,29.49,27.95,29.17,24400
2023-06-08 07:00:00,28.27,28.79,27.95,28.53,25000
2023-06-09 07:00:00,28.02,29.17,27.57,29.17,89200
2023-06-12 07:00:00,29.36,29.36,28.37,29.17,26200
2023-06-13 07:00:00,29.17,29.17,28.47,28.79,37200
2023-06-14 07:00:00,28.85,29.11,28.21,28.72,17800
2023-06-15 07:00:00,28.72,28.85,27.95,28.85,47800
2023-06-16 07:00:00,28.85,29.17,28.47,29.17,51800
2023-06-19 07:00:00,29.17,29.17,28.85,29.08,24400
2023-06-20 07:00:00,28.85,29.49,28.59,29.49,33300
2023-06-21 07:00:00,29.49,29.49,28.53,29.36,115200
2023-06-22 07:00:00,29.24,29.46,28.53,29.17,24300
2023-06-23 07:00:00,29.14,29.14,28.59,29.04,6400
2023-06-26 07:00:00,28.4,31.0,28.21,31.0,46800
2023-06-27 07:00:00,29.24,30.48,29.24,30.48,28800
2023-06-28 07:00:00,29.24,30.45,29.24,30.13,44000
2023-06-29 07:00:00,30.13,30.13,29.49,29.78,18000
2023-06-30 07:00:00,29.94,29.94,29.49,29.62,29400
2023-07-03 07:00:00,30.0,30.0,29.36,29.75,33000
2023-07-04 07:00:00,29.75,29.94,29.49,29.94,33600
2023-07-05 07:00:00,30.32,30.32,29.49,30.1,110100
2023-07-06 07:00:00,30.45,30.45,29.49,30.0,45600
2023-07-07 07:00:00,29.56,30.07,29.49,30.07,27400
2023-07-10 07:00:00,30.42,30.42,29.49,30.0,120000
2023-07-11 07:00:00,29.88,30.45,29.88,30.29,105000
2023-07-12 07:00:00,30.48,30.77,29.81,30.58,121400
2023-07-13 07:00:00,29.91,31.1,29.91,30.87,74200
2023-07-14 07:00:00,30.84,30.84,30.45,30.77,21900
2023-07-17 07:00:00,31.1,31.1,30.45,30.9,39200
2023-07-18 07:00:00,30.84,31.1,29.56,31.1,84200
2023-07-19 07:00:00,31.06,31.1,30.32,31.06,39500
2023-07-20 07:00:00,30.77,30.97,30.52,30.84,23700
2023-07-21 07:00:00,30.84,30.84,30.26,30.71,75500
2023-07-24 07:00:00,30.71,31.1,30.36,30.68,102300
2023-07-25 07:00:00,30.71,30.77,30.39,30.39,93600
2023-07-26 07:00:00,30.39,30.42,30.13,30.26,72900
2023-07-27 07:00:00,30.45,30.77,30.26,30.65,295300
2023-07-28 07:00:00,30.77,30.97,29.75,30.97,171100
2023-07-31 07:00:00,31.1,31.48,30.77,31.45,161100
2023-08-01 07:00:00,31.74,31.74,31.1,31.45,182500
2023-08-02 07:00:00,31.45,31.8,30.39,31.74,193500
2023-08-03 07:00:00,30.97,31.58,30.87,31.42,143500
2023-08-04 07:00:00,31.61,31.61,31.06,31.54,103100
2023-08-07 07:00:00,31.74,31.93,30.84,31.67,210100
2023-08-08 07:00:00,31.19,31.8,31.03,31.54,44600
2023-08-09 07:00:00,31.1,31.54,30.13,31.42,64100
2023-08-10 07:00:00,31.35,31.35,30.77,31.35,54600
2023-08-11 07:00:00,31.1,31.42,31.03,31.42,34500
2023-08-14 07:00:00,31.1,31.42,31.03,31.29,55400
2023-08-15 07:00:00,31.38,31.42,30.97,31.38,76400
2023-08-16 07:00:00,31.38,31.48,31.06,31.45,75800
2023-08-17 07:00:00,31.58,31.58,31.1,31.1,134400
2023-08-18 07:00:00,30.93,31.0,29.88,30.77,135700
2023-08-21 07:00:00,29.68,31.1,29.68,31.1,55500
2023-08-22 07:00:00,31.1,31.61,30.0,31.61,40600
2023-08-23 07:00:00,31.1,31.38,30.77,31.38,74800
2023-08-24 07:00:00,30.97,32.31,30.45,31.74,253700
2023-08-25 07:00:00,31.42,32.06,30.9,31.99,111500
2023-08-28 07:00:00,31.86,32.38,31.86,32.18,283800
2023-08-29 07:00:00,32.25,32.76,32.18,32.31,222800
2023-08-30 07:00:00,32.25,32.38,30.77,32.38,260200
2023-08-31 07:00:00,32.44,32.51,32.06,32.44,170800
2023-09-05 07:00:00,32.44,32.7,31.42,32.57,128400
2023-09-06 07:00:00,32.7,32.7,31.86,32.51,159000
2023-09-07 07:00:00,32.51,32.51,31.93,32.12,78700
2023-09-08 07:00:00,32.12,32.63,30.9,32.38,199800
2023-09-11 07:00:00,32.38,32.57,31.67,32.12,52100
2023-09-12 07:00:00,31.77,32.44,30.77,32.44,476300
2023-09-13 07:00:00,32.44,32.44,31.93,31.93,53700
2023-09-14 07:00:00,31.93,32.06,30.77,31.74,502800
2023-09-15 07:00:00,31.77,31.93,31.29,31.93,36100
2023-09-18 07:00:00,31.48,31.48,31.1,31.29,14100
2023-09-19 07:00:00,30.87,31.7,30.81,31.7,92500
2023-09-20 07:00:00,33.02,33.02,31.1,31.35,60900
2023-09-21 07:00:00,31.35,31.35,31.03,31.29,47000
2023-09-22 07:00:00,31.29,31.54,30.13,31.42,216900
2023-09-25 07:00:00,31.42,31.58,30.81,31.16,63400
2023-09-26 07:00:00,30.77,31.29,30.77,30.84,21700
2023-09-27 07:00:00,30.84,31.29,30.26,31.29,29300
2023-09-28 07:00:00,30.39,31.26,30.23,30.77,93200
2023-09-29 07:00:00,30.52,30.84,30.13,30.65,35700
2023-10-02 07:00:00,30.81,30.97,30.13,30.65,66800
2023-10-03 07:00:00,30.65,30.65,29.81,30.2,93600
2023-10-04 07:00:00,29.49,30.45,28.53,30.45,264000
2023-10-05 07:00:00,30.97,30.97,29.56,30.26,17700
2023-10-06 07:00:00,30.07,30.45,29.81,30.45,28200
2023-10-09 07:00:00,30.29,31.0,30.13,30.9,65600
2023-10-10 07:00:00,30.52,31.42,29.81,31.32,124200
2023-10-11 07:00:00,30.58,31.61,30.58,31.42,45900
2023-10-12 07:00:00,31.54,32.31,30.71,32.31,151000
2023-10-13 07:00:00,32.06,32.06,31.13,32.02,47400
2023-10-16 07:00:00,31.42,32.02,30.13,31.1,94700
2023-10-17 07:00:00,31.42,31.42,30.55,31.1,34100
2023-10-18 07:00:00,31.1,31.1,29.17,30.71,112600
2023-10-19 07:00:00,30.58,30.77,29.75,30.71,66500
2023-10-20 07:00:00,30.71,30.71,29.88,30.58,22300
2023-10-23 07:00:00,30.13,30.13,29.68,30.13,92000
2023-10-24 07:00:00,29.62,30.13,28.85,29.49,167600
2023-10-25 07:00:00,30.36,30.36,29.49,29.88,20000
2023-10-26 07:00:00,29.2,29.4,28.21,28.24,228800
2023-10-27 07:00:00,28.27,29.04,28.27,28.79,14200
2023-10-30 07:00:00,28.27,28.85,28.27,28.69,121900
2023-10-31 07:00:00,27.89,28.53,27.5,27.89,111900
2023-11-01 07:00:00,27.57,27.89,26.22,27.89,75200
2023-11-02 07:00:00,27.92,28.5,27.7,28.5,96600
2023-11-03 07:00:00,28.27,28.69,28.21,28.69,129800
2023-11-06 07:00:00,29.17,29.17,28.34,28.85,31900
2023-11-07 07:00:00,28.92,29.49,28.92,29.49,60800
2023-11-08 07:00:00,29.52,30.0,29.49,29.81,42400
2023-11-09 07:00:00,30.16,30.16,29.62,29.94,43100
2023-11-10 07:00:00,30.13,30.13,29.24,29.78,121600
2023-11-13 07:00:00,29.62,30.0,29.62,29.65,173000
2023-11-14 07:00:00,29.65,30.39,29.49,30.39,229000
2023-11-15 07:00:00,30.77,30.77,30.32,30.32,115800
2023-11-16 07:00:00,30.58,30.58,30.16,30.45,101800
2023-11-17 07:00:00,30.52,30.77,30.16,30.42,35600
2023-11-20 07:00:00,30.32,30.77,30.2,30.32,58900
2023-11-21 07:00:00,30.74,31.74,29.81,31.74,366800
2023-11-22 07:00:00,31.74,31.93,31.42,31.7,43600
2023-11-23 07:00:00,31.83,31.83,30.71,30.81,77400
2023-11-24 07:00:00,30.81,31.29,30.48,31.29,67400
2023-11-27 07:00:00,31.29,31.29,30.81,31.22,80000
2023-11-28 07:00:00,31.38,31.38,30.9,31.26,63900
2023-11-29 07:00:00,31.42,31.54,30.9,31.38,644100
2023-11-30 07:00:00,31.54,31.54,29.81,31.35,200300
2023-12-01 07:00:00,31.35,31.35,30.77,31.29,78300
2023-12-04 07:00:00,31.26,31.29,30.71,31.03,185900
2023-12-05 07:00:00,31.03,31.52,30.74,31.32,87800
2023-12-06 07:00:00,31.32,32.05,31.32,31.93,151000
2023-12-07 07:00:00,31.93,32.14,31.03,31.6,320500
2023-12-08 07:00:00,31.85,31.89,31.15,31.89,229500
2023-12-11 07:00:00,31.4,31.89,31.36,31.81,44500
2023-12-12 07:00:00,31.36,31.93,31.36,31.93,340100
2023-12-13 07:00:00,31.97,31.97,30.29,31.85,265900
2023-12-14 07:00:00,31.44,31.93,31.4,31.85,148000
2023-12-15 07:00:00,31.85,31.93,31.6,31.93,326000
2023-12-18 07:00:00,31.93,32.01,31.6,32.01,83700
2023-12-19 07:00:00,31.85,31.85,31.24,31.85,26100
2023-12-20 07:00:00,31.89,31.93,31.36,31.85,12800
2023-12-21 07:00:00,31.68,32.1,31.52,32.05,36400
2023-12-22 07:00:00,32.05,32.75,30.29,32.42,254200
2023-12-25 07:00:00,32.38,33.08,32.38,33.08,165400
2023-12-26 07:00:00,33.9,33.9,33.08,33.57,174000
2023-12-27 07:00:00,33.77,33.77,31.28,33.57,319800
2023-12-28 07:00:00,33.57,33.98,31.52,33.73,581600
2023-12-29 07:00:00,33.73,35.62,31.77,35.62,881900
2024-01-02 07:00:00,35.62,36.39,35.62,36.11,147700
2024-01-03 07:00:00,37.17,37.17,35.7,36.15,141500
2024-01-04 07:00:00,36.68,36.68,35.62,35.9,88200
2024-01-05 07:00:00,36.31,36.31,35.04,35.21,89800
2024-01-08 07:00:00,35.16,35.16,32.75,33.94,399400
2024-01-09 07:00:00,33.98,33.98,33.45,33.73,99300
2024-01-10 07:00:00,33.45,33.9,33.45,33.85,84500
2024-01-11 07:00:00,33.57,33.69,32.99,33.45,286600
2024-01-12 07:00:00,33.4,33.4,32.79,33.16,150600
2024-01-15 07:00:00,32.91,33.12,31.11,32.91,390200
2024-01-16 07:00:00,32.99,33.16,32.5,33.16,56800
2024-01-17 07:00:00,33.12,33.24,32.63,32.75,181100
2024-01-18 07:00:00,32.5,32.71,32.34,32.34,228400
2024-01-19 07:00:00,32.42,32.99,30.62,32.75,419100
2024-01-22 07:00:00,32.99,32.99,32.46,32.75,166800
2024-01-23 07:00:00,32.75,32.75,31.89,32.14,149500
2024-01-24 07:00:00,31.81,32.22,30.74,32.14,265300
2024-01-25 07:00:00,32.14,32.14,31.85,32.1,73100
2024-01-26 07:00:00,31.93,32.71,31.93,32.67,122400
2024-01-29 07:00:00,32.67,32.71,32.34,32.54,58700
2024-01-30 07:00:00,32.26,32.75,32.1,32.75,64200
2024-01-31 07:00:00,32.1,32.71,32.1,32.67,120900
2024-02-01 07:00:00,32.18,33.73,32.18,33.49,121400
2024-02-02 07:00:00,33.49,34.39,33.04,34.39,144500
2024-02-05 07:00:00,34.22,34.35,33.73,34.26,60000
2024-02-06 07:00:00,33.69,33.81,33.28,33.53,136600
2024-02-07 07:00:00,33.49,33.53,31.97,33.36,167600
2024-02-15 07:00:00,33.16,33.32,32.75,33.32,104800
2024-02-16 07:00:00,33.16,33.24,32.79,33.12,121800
2024-02-19 07:00:00,33.16,33.24,31.97,33.16,180000
2024-02-20 07:00:00,33.04,33.12,32.83,33.12,203500
2024-02-21 07:00:00,33.16,33.16,32.75,32.91,88700
2024-02-22 07:00:00,32.91,32.91,32.54,32.83,72300
2024-02-23 07:00:00,32.79,32.91,32.54,32.67,80200
2024-02-26 07:00:00,32.67,32.91,32.34,32.75,102000
2024-02-27 07:00:00,32.75,32.91,32.26,32.91,135100
2024-02-28 07:00:00,32.91,32.91,32.42,32.75,177200
2024-02-29 07:00:00,32.75,32.75,30.78,32.71,347700
2024-03-01 07:00:00,32.71,34.14,32.71,33.73,260600
2024-03-04 07:00:00,33.65,33.65,33.4,33.4,379300
2024-03-05 07:00:00,33.16,33.77,31.48,33.77,605100
2024-03-06 07:00:00,33.77,33.77,32.99,33.57,77800
2024-03-07 07:00:00,33.4,33.4,32.87,33.04,114300
2024-03-08 07:00:00,32.99,32.99,32.34,32.59,184900
2024-03-11 07:00:00,32.59,32.59,31.15,32.1,463800
2024-03-12 07:00:00,31.93,33.53,31.15,33.24,528800
2024-03-13 07:00:00,33.53,35.04,33.45,34.35,386500
2024-03-14 07:00:00,34.35,34.35,33.16,34.1,247300
2024-03-15 07:00:00,34.1,34.1,32.75,33.98,219900
2024-03-18 07:00:00,33.94,33.94,32.5,33.53,205300
2024-03-19 07:00:00,33.32,33.32,32.46,32.5,187700
2024-03-20 07:00:00,32.59,32.79,32.1,32.79,139300
2024-03-21 07:00:00,32.75,32.75,31.19,32.59,1093500
2024-03-22 07:00:00,32.42,33.08,31.52,32.75,292400
2024-03-25 07:00:00,32.75,33.08,32.1,32.18,111800
2024-03-26 07:00:00,32.18,33.24,31.85,32.87,1049400
2024-03-27 07:00:00,32.87,32.95,32.42,32.87,169800
2024-03-28 07:00:00,32.75,33.12,32.75,33.12,195300
2024-03-29 07:00:00,33.12,33.12,32.42,32.71,133900
2024-04-01 07:00:00,32.71,32.91,32.34,32.91,335100
2024-04-02 07:00:00,32.91,32.95,32.59,32.87,215900
2024-04-03 07:00:00,32.83,35.16,32.75,35.16,987200
2024-04-04 07:00:00,36.84,37.62,36.72,37.62,1958400
2024-04-05 07:00:00,37.25,40.12,37.25,38.73,851900
2024-04-08 07:00:00,38.07,40.53,36.02,36.88,1096400
2024-04-09 07:00:00,36.88,39.46,36.88,39.3,580800
2024-04-10 07:00:00,39.71,40.12,38.81,40.04,720400
2024-04-11 07:00:00,39.71,39.71,38.93,39.38,334100
2024-04-12 07:00:00,39.71,40.36,38.65,40.36,600100
2024-04-15 07:00:00,40.53,40.53,37.54,37.54,1204600
2024-04-16 07:00:00,37.25,37.54,35.04,37.54,865400
2024-04-17 07:00:00,37.5,37.91,35.94,36.15,683500
2024-04-19 07:00:00,35.41,35.45,33.65,34.02,1720600
2024-04-22 07:00:00,34.72,35.0,34.18,34.67,262500
2024-04-23 07:00:00,34.72,36.84,32.26,35.04,2046300
2024-04-24 07:00:00,35.7,37.09,35.7,37.09,743900
2024-04-25 07:00:00,37.09,38.48,36.52,36.52,1275900
2024-04-26 07:00:00,36.27,36.92,35.98,36.56,502900
2024-05-02 07:00:00,37.17,38.15,36.35,37.78,1139600
2024-05-03 07:00:00,37.83,38.15,36.92,36.92,954300
2024-05-06 07:00:00,37.17,38.48,36.43,38.36,1300400
2024-05-07 07:00:00,38.89,40.49,38.48,39.67,951000
2024-05-08 07:00:00,39.67,42.41,38.93,42.41,1000000
2024-05-09 07:00:00,45.36,45.36,44.38,45.36,1353800
2024-05-10 07:00:00,48.31,48.47,46.75,48.22,3000800
2024-05-13 07:00:00,49.12,49.12,46.5,47.82,1459100
2024-05-14 07:00:00,47.82,51.09,47.82,51.09,1472300
2024-05-15 07:00:00,53.14,53.96,51.58,51.58,1956900
2024-05-16 07:00:00,51.91,52.15,49.45,49.62,3482500
2024-05-17 07:00:00,49.94,50.76,49.45,50.19,2849800
2024-05-20 07:00:00,50.76,50.76,47.98,48.31,3963300
2024-05-21 07:00:00,49.04,51.42,48.06,50.35,1959900
2024-05-22 07:00:00,50.84,51.99,49.29,50.11,1584400
2024-05-23 07:00:00,50.11,52.73,50.02,52.07,3065000
2024-05-24 07:00:00,51.58,52.07,48.72,48.88,2640300
2024-05-27 07:00:00,49.53,50.02,46.67,48.31,2265500
2024-05-28 07:00:00,48.96,51.09,48.47,50.84,1479800
2024-05-29 07:00:00,50.84,51.91,49.12,49.12,2384000
2024-05-30 07:00:00,48.31,49.21,47.57,48.47,1814100
2024-05-31 07:00:00,49.12,50.27,48.72,49.86,1017900
2024-06-03 07:00:00,50.44,53.3,50.44,53.3,4461800
2024-06-04 07:00:00,55.26,56.98,54.94,56.08,2789900
2024-06-05 07:00:00,56.82,58.95,55.02,55.02,2540900
2024-06-06 07:00:00,56.0,56.74,55.18,56.0,2175800
2024-06-07 07:00:00,56.9,57.07,55.35,56.0,1433000
2024-06-10 07:00:00,56.9,56.98,55.76,56.9,1236900
2024-06-11 07:00:00,56.9,58.13,55.1,56.17,2251100
2024-06-12 07:00:00,56.0,57.72,55.51,56.98,2035800
2024-06-13 07:00:00,58.13,59.03,57.31,57.31,1468000
2024-06-14 07:00:00,57.48,61.08,56.58,57.31,3529700
2024-06-17 07:00:00,57.48,58.13,55.59,55.59,3818300
2024-06-18 07:00:00,56.33,56.82,55.84,56.0,1392400
2024-06-19 07:00:00,56.0,57.72,55.18,57.23,2326700
2024-06-20 07:00:00,57.31,58.7,56.58,57.23,1699600
2024-06-21 07:00:00,57.72,58.87,56.9,57.8,2022100
2024-06-24 07:00:00,57.64,57.72,53.79,54.36,3818000
2024-06-25 07:00:00,54.04,54.86,51.58,52.15,2268600
2024-06-26 07:00:00,53.14,53.46,51.5,53.06,1164700
2024-06-27 07:00:00,53.14,53.14,51.91,51.91,1184800
2024-06-28 07:00:00,51.91,52.24,49.7,49.94,1961300
2024-07-01 07:00:00,50.02,51.42,49.94,51.01,1149200
2024-07-02 07:00:00,51.09,52.07,51.01,51.74,1102500
2024-07-03 07:00:00,51.83,51.83,51.09,51.42,988200
2024-07-04 07:00:00,51.58,52.73,51.42,52.73,1432300
2024-07-05 07:00:00,53.22,54.12,52.32,52.56,1413800
2024-07-08 07:00:00,53.06,53.55,51.99,52.24,1000300
2024-07-09 07:00:00,52.4,52.81,51.34,52.81,1725200
2024-07-10 07:00:00,53.22,55.26,53.22,54.2,2531800
2024-07-11 07:00:00,55.26,55.26,53.14,53.38,1076000
2024-07-12 07:00:00,52.89,53.63,51.58,52.24,1454500
2024-07-15 07:00:00,52.24,52.81,50.35,50.84,1588300
2024-07-16 07:00:00,50.84,51.09,49.12,49.12,1902900
2024-07-17 07:00:00,48.88,49.53,45.69,46.01,2226100
2024-07-18 07:00:00,46.01,47.08,45.93,46.83,1352300
2024-07-19 07:00:00,47.4,47.4,45.6,45.85,1040900
2024-07-22 07:00:00,45.03,45.77,43.97,44.29,1273300
2024-07-23 07:00:00,44.46,45.85,44.29,44.29,1058300
2024-07-24 07:00:00,43.48,44.87,42.9,44.62,809900
2024-07-25 07:00:00,43.07,44.54,43.07,43.72,730200
2024-07-26 07:00:00,44.21,46.26,44.13,46.26,1103700
2024-07-29 07:00:00,47.16,47.16,45.77,46.34,878000
2024-07-30 07:00:00,46.34,46.5,44.46,45.36,940800
2024-07-31 07:00:00,44.62,45.52,44.38,45.03,647300
2024-08-01 07:00:00,45.69,45.69,41.92,41.92,1318900
2024-08-02 07:00:00,41.02,42.98,41.02,42.82,824600
2024-08-05 07:00:00,41.84,42.58,39.83,39.83,1537900
2024-08-06 07:00:00,40.2,41.18,39.63,41.02,688100
2024-08-07 07:00:00,41.43,42.0,40.53,41.76,586200
2024-08-08 07:00:00,41.67,41.84,39.75,39.87,928300
2024-08-09 07:00:00,40.73,41.67,40.36,41.59,1007800
2024-08-12 07:00:00,41.43,42.82,41.43,42.41,858000
2024-08-13 07:00:00,42.66,43.31,41.76,42.16,880800
2024-08-14 07:00:00,42.74,42.82,40.94,41.67,1050000
2024-08-15 07:00:00,41.59,41.59,40.61,40.73,490200
2024-08-16 07:00:00,41.1,42.82,41.1,42.74,1346500
2024-08-19 07:00:00,42.82,43.97,42.82,43.39,777500
2024-08-20 07:00:00,43.64,44.46,43.31,43.48,786800
2024-08-21 07:00:00,43.88,44.05,42.98,43.07,943400
2024-08-22 07:00:00,43.64,45.11,43.31,44.78,1602700
2024-08-23 07:00:00,44.7,44.7,43.8,44.05,806700
2024-08-26 07:00:00,44.13,44.46,42.98,43.23,796100
2024-08-27 07:00:00,43.23,43.23,42.66,42.98,623400
2024-08-28 07:00:00,42.9,43.48,42.74,42.82,463400
2024-08-29 07:00:00,42.74,44.05,42.66,43.8,1041300
2024-08-30 07:00:00,43.8,43.88,43.23,43.23,349700
2024-09-04 07:00:00,42.41,43.39,42.41,43.39,635900
2024-09-05 07:00:00,43.39,43.39,42.58,42.66,592600
2024-09-06 07:00:00,42.58,42.9,42.08,42.41,455500
2024-09-09 07:00:00,42.16,42.33,41.59,41.76,519900
2024-09-10 07:00:00,41.67,42.0,40.53,40.53,587900
2024-09-11 07:00:00,40.94,41.43,40.49,41.18,446600
2024-09-12 07:00:00,41.76,41.84,41.35,41.59,231500
2024-09-13 07:00:00,41.76,42.16,41.1,41.84,387600
2024-09-16 07:00:00,41.84,42.08,41.26,41.26,295900
2024-09-17 07:00:00,41.1,41.67,40.94,41.67,279900
2024-09-18 07:00:00,41.84,43.64,41.76,42.98,1327700
2024-09-19 07:00:00,43.07,43.31,42.25,42.74,493000
2024-09-20 07:00:00,43.39,43.64,42.66,42.66,650700
2024-09-23 07:00:00,42.98,42.98,41.76,41.84,615200
2024-09-24 07:00:00,42.16,42.41,41.84,42.41,279900
2024-09-25 07:00:00,42.58,42.74,42.08,42.16,515300
2024-09-26 07:00:00,42.41,42.66,41.84,42.16,576800
2024-09-27 07:00:00,42.08,42.49,41.59,41.76,457500
2024-09-30 07:00:00,41.76,41.92,41.59,41.59,291300
2024-10-01 07:00:00,41.76,42.9,41.76,42.49,882800
2024-10-02 07:00:00,42.25,42.33,41.76,41.84,292900
2024-10-03 07:00:00,42.0,42.25,41.26,41.26,533000
2024-10-04 07:00:00,41.35,41.67,41.1,41.1,339800
2024-10-07 07:00:00,41.35,41.43,41.02,41.1,220300
2024-10-08 07:00:00,41.1,41.18,40.61,40.69,401500
2024-10-09 07:00:00,40.73,41.92,40.73,41.76,351800
2024-10-10 07:00:00,42.16,44.05,41.92,43.8,2911400
2024-10-11 07:00:00,43.97,43.97,43.23,43.39,521000
2024-10-14 07:00:00,43.8,44.87,43.39,43.48,690000
2024-10-15 07:00:00,43.48,43.72,42.25,42.58,907300
2024-10-16 07:00:00,42.49,43.07,42.33,42.58,429300
2024-10-17 07:00:00,42.74,43.31,42.58,43.15,405300
2024-10-18 07:00:00,43.15,43.39,42.66,42.66,406300
2024-10-21 07:00:00,42.66,43.72,42.58,43.72,1383700
2024-10-22 07:00:00,43.72,43.8,40.81,42.33,666800
2024-10-23 07:00:00,42.41,42.49,41.92,42.08,420200
2024-10-24 07:00:00,42.08,42.08,41.35,41.43,624900
2024-10-25 07:00:00,41.51,41.67,41.18,41.51,175500
2024-10-28 07:00:00,41.67,42.33,41.59,42.0,301000
2024-10-29 07:00:00,42.0,43.8,42.0,43.23,1045600
2024-10-30 07:00:00,43.64,43.64,42.82,43.15,305800
2024-10-31 07:00:00,43.23,43.23,42.49,42.49,409900
2024-11-01 07:00:00,42.25,42.33,41.43,41.43,995700
2024-11-04 07:00:00,41.35,42.08,40.94,42.0,670600
2024-11-05 07:00:00,41.51,42.0,41.35,41.35,594100
2024-11-06 07:00:00,41.84,42.0,41.59,41.92,525600
2024-11-07 07:00:00,42.49,44.78,42.08,43.39,4189100
2024-11-08 07:00:00,43.8,45.2,43.56,43.97,4892300
2024-11-11 07:00:00,44.7,47.0,44.7,47.0,7476900
2024-11-12 07:00:00,47.9,48.14,46.26,47.82,2817800
2024-11-13 07:00:00,47.08,48.14,46.67,48.14,2996400
2024-11-14 07:00:00,48.31,48.72,46.01,46.67,2624800
2024-11-15 07:00:00,46.01,47.9,44.78,47.4,4614000
2024-11-18 07:00:00,47.4,47.49,45.85,47.24,1616700
2024-11-19 07:00:00,47.4,47.4,43.97,43.97,3051300
2024-11-20 07:00:00,43.39,44.13,41.35,44.05,2752500
2024-11-21 07:00:00,44.05,44.21,42.98,44.21,1049900
2024-11-22 07:00:00,44.54,45.44,43.48,43.64,2129900
2024-11-25 07:00:00,43.15,43.8,42.25,43.23,2205500
2024-11-26 07:00:00,43.15,43.88,42.58,43.64,1732100
2024-11-27 07:00:00,43.56,44.78,43.23,44.21,2365300
2024-11-28 07:00:00,44.62,45.44,44.05,44.54,2215200
2024-11-29 07:00:00,44.7,47.08,44.7,46.5,3612300
2024-12-02 07:00:00,47.24,47.24,45.69,46.1,1717700
2024-12-03 07:00:00,46.18,48.88,46.01,47.73,4352000
2024-12-04 07:00:00,47.73,47.73,46.26,46.26,2940000
2024-12-05 07:00:00,46.34,47.32,45.52,46.67,3679000
2024-12-06 07:00:00,47.98,48.63,47.0,47.4,2863800
2024-12-09 07:00:00,47.82,47.9,46.34,46.42,2717300
2024-12-10 07:00:00,46.42,46.75,45.52,46.34,2964300
2024-12-11 07:00:00,46.59,47.82,46.34,46.67,2240000
2024-12-12 07:00:00,46.75,47.16,45.6,45.6,2565600
2024-12-13 07:00:00,45.28,45.52,44.38,44.38,3117200
2024-12-16 07:00:00,44.62,45.69,44.38,45.6,1834400
2024-12-17 07:00:00,45.6,45.77,44.87,45.03,1094200
2024-12-18 07:00:00,45.11,45.69,45.11,45.52,1389800
2024-12-19 07:00:00,45.03,46.42,44.62,46.26,2980500
2024-12-20 07:00:00,46.5,46.91,46.1,46.26,2137600
2024-12-23 07:00:00,46.42,46.59,45.52,45.69,2381700
2024-12-24 07:00:00,45.69,46.01,44.78,45.03,2269700
2024-12-25 07:00:00,45.69,46.34,45.36,45.77,2060100
2024-12-26 07:00:00,46.18,46.18,45.36,45.36,1404500
2024-12-27 07:00:00,45.2,45.36,44.05,44.13,3243500
2024-12-30 07:00:00,44.54,44.99,44.54,44.63,963700
2024-12-31 07:00:00,44.81,45.31,44.49,44.77,957300
2025-01-02 07:00:00,44.99,44.99,44.54,44.81,513000
2025-01-03 07:00:00,44.81,45.81,44.77,44.86,1894600
2025-01-06 07:00:00,44.9,45.22,44.08,44.54,1150100
2025-01-07 07:00:00,44.63,44.81,43.63,43.77,1654200
2025-01-08 07:00:00,43.86,43.86,42.72,42.9,1772800
2025-01-09 07:00:00,42.99,43.13,41.81,41.81,1644800
2025-01-10 07:00:00,41.81,42.18,40.58,40.58,1784100
2025-01-13 07:00:00,40.27,40.81,39.9,40.72,1582000
2025-01-14 07:00:00,41.18,41.31,40.72,40.72,585600
2025-01-15 07:00:00,41.08,41.18,40.9,40.99,466800
2025-01-16 07:00:00,41.63,42.18,41.36,41.9,956900
2025-01-17 07:00:00,41.9,43.18,41.81,43.13,1356800
2025-01-20 07:00:00,43.45,43.45,42.36,42.36,674100
2025-01-21 07:00:00,42.4,43.13,42.4,42.68,670000
2025-01-22 07:00:00,42.72,43.04,42.18,42.18,544400
2025-01-23 07:00:00,42.72,43.81,42.54,43.18,882600
2025-01-24 07:00:00,43.27,43.54,42.63,42.81,730300
2025-02-03 07:00:00,40.27,41.4,40.27,40.72,1986700
2025-02-04 07:00:00,41.08,41.36,40.95,41.27,794800
2025-02-05 07:00:00,41.45,41.81,41.22,41.63,773100
2025-02-06 07:00:00,41.81,41.9,40.9,41.08,745500
2025-02-07 07:00:00,41.08,41.18,40.86,40.86,928400
2025-02-10 07:00:00,40.86,40.86,40.04,40.04,1854100
2025-02-11 07:00:00,40.27,40.77,40.13,40.58,800400
2025-02-12 07:00:00,40.72,41.58,40.72,41.22,862700
2025-02-13 07:00:00,41.36,41.36,40.9,41.13,564500
2025-02-14 07:00:00,41.45,41.45,40.9,40.9,811200
2025-02-17 07:00:00,40.9,40.9,40.49,40.49,917400
2025-02-18 07:00:00,40.54,40.81,40.45,40.54,590500
2025-02-19 07:00:00,40.58,41.18,40.45,41.13,1060600
2025-02-20 07:00:00,41.22,41.31,40.77,40.81,676700
2025-02-21 07:00:00,40.9,40.9,40.49,40.63,880000
2025-02-24 07:00:00,40.63,40.63,39.99,40.13,1668600
2025-02-25 07:00:00,40.27,40.54,39.99,40.18,939900
2025-02-26 07:00:00,40.22,40.9,40.18,40.54,952600
2025-02-27 07:00:00,40.81,40.81,40.27,40.4,526300
2025-02-28 07:00:00,40.4,40.58,40.22,40.36,793900
2025-03-03 07:00:00,40.36,40.72,40.27,40.31,646400
2025-03-04 07:00:00,40.13,40.22,39.86,40.13,1093200
2025-03-05 07:00:00,40.13,40.58,39.99,39.99,644900
2025-03-06 07:00:00,40.13,40.72,39.99,40.54,1053600
2025-03-07 07:00:00,40.72,40.77,40.27,40.31,596200
2025-03-10 07:00:00,40.45,40.45,39.9,39.95,910000
2025-03-11 07:00:00,39.13,39.36,39.04,39.18,1602500
2025-03-12 07:00:00,39.18,39.4,38.4,38.4,1808600
2025-03-13 07:00:00,38.63,39.45,38.54,38.59,843900
2025-03-14 07:00:00,38.9,38.9,37.54,37.72,1205300
2025-03-17 07:00:00,37.95,38.04,37.31,37.36,585700
2025-03-18 07:00:00,37.31,38.09,37.31,37.9,563800
2025-03-19 07:00:00,37.99,38.09,37.36,37.4,572000
2025-03-20 07:00:00,37.4,37.81,36.95,37.4,574100
2025-03-21 07:00:00,37.4,37.95,37.4,37.72,476100
2025-03-24 07:00:00,37.72,37.99,37.31,37.45,358900
2025-03-25 07:00:00,37.49,37.63,37.31,37.31,447500
2025-03-26 07:00:00,37.31,37.31,35.81,36.09,1406100
2025-03-27 07:00:00,35.9,36.54,35.59,36.31,662200
2025-03-28 07:00:00,36.31,36.31,35.72,35.72,257400
2025-03-31 07:00:00,35.45,35.45,34.09,34.54,793900
2025-04-01 07:00:00,34.68,35.18,34.68,35.04,450200
2025-04-02 07:00:00,35.09,35.36,34.63,34.95,332200
2025-04-03 07:00:00,32.54,34.36,32.54,32.54,903700
2025-04-04 07:00:00,30.27,30.72,30.27,30.27,1840500
2025-04-08 07:00:00,28.18,28.81,28.18,28.18,541200
2025-04-09 07:00:00,26.22,26.9,26.22,26.22,1992100
2025-04-10 07:00:00,28.04,28.04,28.04,28.04,823600
2025-04-11 07:00:00,28.04,30.0,27.9,30.0,1654500
2025-04-14 07:00:00,31.54,31.54,30.27,30.5,821300
2025-04-15 07:00:00,29.68,29.77,29.09,29.13,1195300
2025-04-16 07:00:00,28.9,29.09,27.54,27.54,887100
2025-04-17 07:00:00,27.27,28.5,27.27,28.45,562600
2025-04-18 07:00:00,28.63,30.22,28.63,29.54,1034100
2025-04-21 07:00:00,29.72,29.77,28.68,28.72,457000
2025-04-22 07:00:00,28.54,28.54,26.72,27.9,1535900
2025-04-23 07:00:00,28.63,28.81,28.18,28.59,474400
2025-04-24 07:00:00,28.95,29.77,28.45,29.09,751900
2025-04-25 07:00:00,29.63,29.68,28.77,28.81,510900
2025-04-28 07:00:00,28.9,29.31,28.63,28.72,340900
2025-04-29 07:00:00,28.77,28.9,28.45,28.59,404900
2025-05-05 07:00:00,28.9,29.36,28.59,29.36,588600
2025-05-06 07:00:00,29.63,30.9,29.63,30.22,1555200
2025-05-07 07:00:00,30.36,31.18,30.22,30.22,1545900
2025-05-08 07:00:00,30.68,31.09,29.9,30.68,1311500
2025-05-09 07:00:00,30.81,31.09,30.45,30.63,1139400
2025-05-12 07:00:00,30.72,31.18,30.63,30.81,1040100
2025-05-13 07:00:00,31.18,31.5,31.0,31.13,1443900
2025-05-14 07:00:00,31.22,32.86,31.22,32.81,2514400
2025-05-15 07:00:00,33.54,33.63,32.31,32.9,1477400
2025-05-16 07:00:00,32.9,32.9,31.77,31.86,1499600
2025-05-19 07:00:00,31.77,31.77,31.09,31.09,1247000
2025-05-20 07:00:00,31.36,31.81,30.95,31.77,808700
2025-05-21 07:00:00,31.72,31.77,30.9,31.13,961700
2025-05-22 07:00:00,31.09,31.09,30.0,30.18,1635500
2025-05-23 07:00:00,30.31,30.81,30.18,30.36,704100
2025-05-26 07:00:00,30.36,30.81,29.86,30.72,925900
2025-05-27 07:00:00,30.9,31.68,30.86,31.4,1054500
2025-05-28 07:00:00,31.63,32.04,31.18,31.36,1156900
2025-05-29 07:00:00,31.68,31.72,31.09,31.18,616200
2025-05-30 07:00:00,31.36,31.72,30.86,30.86,778100
2025-06-02 07:00:00,32.27,32.27,31.22,31.5,973200
2025-06-03 07:00:00,31.63,32.72,31.63,32.13,1175000
2025-06-04 07:00:00,32.59,32.59,31.68,31.77,1091700
2025-06-05 07:00:00,31.81,32.36,31.68,32.13,1137300
2025-06-06 07:00:00,32.36,32.36,31.5,31.5,858900
2025-06-09 07:00:00,31.63,31.63,31.18,31.18,642100
2025-06-10 07:00:00,31.09,31.86,31.0,31.0,739800
2025-06-11 07:00:00,31.27,32.5,30.95,32.36,2334100
2025-06-12 07:00:00,32.72,32.72,32.22,32.27,940700
2025-06-13 07:00:00,32.09,32.09,31.54,31.86,1438800
2025-06-16 07:00:00,31.81,33.63,31.59,33.45,2663800
2025-06-17 07:00:00,33.59,33.59,32.9,32.95,1089500
2025-06-18 07:00:00,33.13,34.09,33.09,33.31,1708900
2025-06-19 07:00:00,33.31,33.31,32.72,32.9,959500
2025-06-20 07:00:00,32.9,33.27,32.77,32.9,774000
2025-06-23 07:00:00,32.54,32.72,31.81,32.54,957100
2025-06-24 07:00:00,32.77,33.54,32.77,33.09,1150200
2025-06-25 07:00:00,33.27,33.99,33.27,33.27,1349100
2025-06-26 07:00:00,33.59,33.59,33.09,33.18,859700
2025-06-27 07:00:00,33.45,35.49,33.45,35.49,3202400
2025-06-30 07:00:00,36.59,37.95,36.59,37.54,4195300
2025-07-01 07:00:00,37.68,38.9,37.18,38.45,2843000
2025-07-02 07:00:00,38.54,38.63,36.49,37.09,3527300
2025-07-03 07:00:00,37.27,37.99,36.45,37.09,2847600
2025-07-04 07:00:00,37.13,38.04,36.99,37.59,2267200
2025-07-07 07:00:00,37.72,38.13,37.09,37.27,1678500
2025-07-08 07:00:00,37.54,37.95,37.09,37.86,2141300
2025-07-09 07:00:00,37.99,38.09,37.31,37.31,2178900
2025-07-10 07:00:00,37.72,39.68,37.68,39.09,2317200
2025-07-11 07:00:00,39.09,39.99,38.45,38.45,2756700
2025-07-14 07:00:00,38.77,39.04,37.81,38.18,1413900
2025-07-15 07:00:00,38.63,38.99,37.99,37.99,1609400
2025-07-16 07:00:00,37.95,38.27,37.54,37.81,1801600
2025-07-17 07:00:00,37.9,38.59,37.63,37.86,2645300
2025-07-18 07:00:00,38.36,38.36,37.72,37.99,1388800
2025-07-21 07:00:00,38.18,38.54,37.59,37.59,1357700
2025-07-22 07:00:00,37.72,37.99,37.27,37.81,1665700
2025-07-23 07:00:00,37.99,39.13,37.99,39.09,3408500
2025-07-24 07:00:00,39.72,39.72,39.09,39.22,1904400
2025-07-25 07:00:00,39.4,39.4,38.72,38.86,1975400
2025-07-28 07:00:00,38.86,39.54,38.63,38.77,2254400
2025-07-29 07:00:00,38.86,39.13,36.09,36.09,3493900
2025-07-30 07:00:00,36.27,36.81,35.81,35.86,1800900
2025-07-31 07:00:00,36.63,37.13,35.45,36.9,1583500
2025-08-01 07:00:00,36.9,36.99,36.18,36.36,960300
2025-08-04 07:00:00,35.99,36.36,35.86,36.09,1415600
2025-08-05 07:00:00,36.36,36.81,35.45,35.9,2069500
2025-08-06 07:00:00,36.18,36.36,35.9,36.36,977200
2025-08-07 07:00:00,36.49,37.54,36.4,36.99,1549700
2025-08-08 07:00:00,37.27,37.72,36.72,37.18,2071500
2025-08-11 07:00:00,37.27,38.13,37.27,37.68,1609400
2025-08-12 07:00:00,38.18,38.63,37.59,37.81,2080100
2025-08-13 07:00:00,38.45,40.45,38.04,40.45,6707300
2025-08-14 07:00:00,42.72,42.72,41.04,41.77,3474600
2025-08-15 07:00:00,41.63,41.63,39.99,40.27,3241200
2025-08-18 07:00:00,40.27,40.27,38.9,38.9,2139700
2025-08-19 07:00:00,38.95,39.86,38.36,38.45,1729000
2025-08-20 07:00:00,38.49,38.9,36.36,36.95,2575700
2025-08-21 07:00:00,37.04,37.9,36.63,37.9,1717000
2025-08-22 07:00:00,37.72,37.77,35.99,36.18,1355000
2025-08-25 07:00:00,37.18,37.18,35.54,35.54,761800
2025-08-26 07:00:00,35.54,36.18,35.27,36.09,746000
2025-08-27 07:00:00,36.09,37.68,36.09,36.9,793300
2025-08-28 07:00:00,37.49,37.54,36.9,37.18,424800
2025-08-29 07:00:00,36.81,37.13,36.59,36.63,1086200
2025-09-03 07:00:00,36.63,38.13,36.63,38.09,1036500
2025-09-04 07:00:00,38.18,38.4,37.77,38.04,723800
2025-09-05 07:00:00,38.22,38.31,37.18,37.18,1093000
2025-09-08 07:00:00,36.9,37.04,35.99,36.09,923700
2025-09-09 07:00:00,36.13,36.95,36.13,36.31,347400
2025-09-10 07:00:00,36.36,36.63,36.09,36.27,255000
2025-09-11 07:00:00,36.36,36.4,35.27,36.27,587800
2025-09-12 07:00:00,36.36,37.18,36.31,36.86,374300
2025-09-15 07:00:00,37.18,37.49,36.86,37.09,516200
2025-09-16 07:00:00,37.63,37.99,37.31,37.77,1141400
2025-09-17 07:00:00,37.86,39.54,37.86,38.81,2225800
2025-09-18 07:00:00,39.09,39.09,37.72,37.72,658700
2025-09-19 07:00:00,37.95,37.95,36.81,37.04,630300
2025-09-22 07:00:00,36.72,37.13,35.72,35.9,1131100
2025-09-23 07:00:00,36.04,36.36,35.72,36.09,366900
2025-09-24 07:00:00,36.59,36.59,35.81,36.54,267500
2025-09-25 07:00:00,36.86,36.86,36.18,36.27,356200
2025-09-26 07:00:00,36.27,36.63,35.9,35.9,425900
2025-09-29 07:00:00,35.95,36.09,35.81,35.86,292400
2025-09-30 07:00:00,35.9,35.9,34.95,35.63,783300
2025-10-01 07:00:00,35.63,35.77,35.31,35.59,213900
2025-10-02 07:00:00,35.77,36.18,35.45,35.99,310200
2025-10-03 07:00:00,35.45,35.86,35.4,35.59,245500
2025-10-06 07:00:00,35.77,36.27,35.77,36.27,363800
2025-10-07 07:00:00,36.54,36.54,36.04,36.04,293300
2025-10-08 07:00:00,36.59,36.59,36.09,36.18,224400
2025-10-09 07:00:00,36.27,36.36,35.86,35.99,421600
2025-10-10 07:00:00,35.95,36.81,35.95,36.36,492300
2025-10-13 07:00:00,35.63,36.09,35.63,35.72,427700
2025-10-14 07:00:00,35.81,35.86,35.22,35.27,639000
2025-10-15 07:00:00,35.77,35.77,34.72,34.72,509900
2025-10-16 07:00:00,34.63,34.81,34.54,34.54,531000
2025-10-17 07:00:00,34.54,34.63,33.9,33.9,822000
2025-10-20 07:00:00,33.63,35.27,33.59,33.63,1111700
2025-10-21 07:00:00,33.72,35.77,33.72,34.9,701000
2025-10-22 07:00:00,34.99,35.99,34.4,34.99,389200
2025-10-23 07:00:00,35.36,35.36,34.18,34.18,381400
2025-10-24 07:00:00,34.45,35.86,34.22,35.22,679900
2025-10-27 07:00:00,35.45,36.45,35.18,35.9,1015700
2025-10-28 07:00:00,36.09,36.77,35.81,36.09,883700
2025-10-29 07:00:00,36.36,36.45,35.9,36.18,535600
2025-10-30 07:00:00,36.22,37.72,36.22,37.54,1539500
2025-10-31 07:00:00,37.72,38.45,37.18,38.09,1357700
2025-11-03 07:00:00,38.36,38.54,36.72,36.72,1194600
2025-11-04 07:00:00,37.27,37.27,35.13,35.99,883700
2025-11-05 07:00:00,36.04,36.63,35.63,35.72,473600
2025-11-06 07:00:00,35.77,36.45,35.54,35.99,575300
2025-11-07 07:00:00,36.18,36.31,34.99,35.31,598300
2025-11-10 07:00:00,35.36,35.36,34.18,34.22,771500
2025-11-11 07:00:00,34.27,34.59,34.09,34.18,399900
2025-11-12 07:00:00,34.4,34.99,34.31,34.99,254000
2025-11-13 07:00:00,34.99,35.27,34.49,35.04,437200
2025-11-14 07:00:00,34.9,35.04,34.54,34.63,466000
2025-11-17 07:00:00,34.72,35.27,34.72,35.09,349900
2025-11-18 07:00:00,35.09,35.31,34.95,35.13,418100
2025-11-19 07:00:00,35.13,35.13,34.63,34.95,435800
2025-11-20 07:00:00,35.04,35.04,34.68,34.77,202100
2025-11-21 07:00:00,34.63,34.68,34.27,34.54,452800
2025-11-24 07:00:00,34.27,34.81,34.27,34.68,122600
2025-11-25 07:00:00,34.63,34.77,33.86,33.86,357900
2025-11-26 07:00:00,33.86,34.45,33.68,34.09,228500
2025-11-27 07:00:00,34.09,34.54,34.09,34.13,188800
2025-11-28 07:00:00,34.18,34.4,33.95,33.99,191000
2025-12-01 07:00:00,34.49,34.49,33.77,33.95,209000
2025-12-02 07:00:00,33.99,33.99,32.86,33.22,606900
2025-12-03 07:00:00,33.4,33.63,33.0,33.49,292700
2025-12-04 07:00:00,33.49,33.95,33.45,33.63,186200
2025-12-05 07:00:00,33.63,33.9,33.36,33.36,345000
2025-12-08 07:00:00,33.36,33.63,33.09,33.13,257000
2025-12-09 07:00:00,33.13,33.18,32.72,33.18,345200
2025-12-10 07:00:00,33.45,33.45,33.18,33.22,129700
2025-12-11 07:00:00,33.27,33.81,33.18,33.31,305400
2025-12-12 07:00:00,33.31,33.31,32.54,32.54,230800
2025-12-15 07:00:00,32.04,32.59,31.81,31.9,284100
2025-12-16 07:00:00,31.9,32.4,31.36,32.31,216500
2025-12-17 07:00:00,32.45,32.81,32.36,32.54,133600
2025-12-18 07:00:00,32.54,32.54,32.0,32.13,66000
2025-12-19 07:00:00,32.22,32.22,31.36,32.0,171300
2025-12-22 07:00:00,32.0,32.36,31.9,32.18,184500
2025-12-23 07:00:00,32.36,32.77,31.81,32.18,232200
2025-12-24 07:00:00,32.63,32.63,31.77,32.0,163900
2025-12-25 07:00:00,31.81,32.22,31.72,31.81,234300
2025-12-26 07:00:00,31.81,31.86,31.0,31.72,312100
2025-12-29 07:00:00,31.81,32.22,31.63,32.18,283900
2025-12-30 07:00:00,32.36,32.63,32.13,32.4,396800
2025-12-31 07:00:00,32.59,32.68,32.31,32.36,266200
2026-01-05 07:00:00,32.36,32.36,31.63,31.68,283300
2026-01-06 07:00:00,31.68,32.13,31.4,31.77,356500
2026-01-07 07:00:00,32.04,32.9,31.9,32.72,368300
2026-01-08 07:00:00,32.72,33.63,32.72,32.95,513000
2026-01-09 07:00:00,32.95,34.49,32.95,33.68,460900
2026-01-12 07:00:00,34.36,34.36,33.59,33.59,442800
2026-01-13 07:00:00,33.68,33.9,33.36,33.45,467600
2026-01-14 07:00:00,34.25,34.4,34.0,34.1,436200
2026-01-15 07:00:00,34.5,36.45,34.1,36.45,1331200
2026-01-16 07:00:00,37.0,39.0,36.5,37.9,1592700
2026-01-19 07:00:00,38.85,38.85,37.0,37.0,685000
2026-01-20 07:00:00,37.6,37.9,36.5,37.15,1012500
2026-01-21 07:00:00,36.9,37.8,36.15,37.65,707000
2026-01-22 07:00:00,37.95,38.5,37.15,37.15,451200
2026-01-23 07:00:00,37.2,37.2,36.0,36.0,440700
2026-01-26 07:00:00,35.6,36.0,34.65,34.95,574000
2026-01-27 07:00:00,34.8,35.8,34.8,35.25,302700
2026-01-28 07:00:00,35.3,36.5,35.3,35.55,399600
2026-01-29 07:00:00,35.75,36.7,35.55,35.55,385200
2026-01-30 07:00:00,35.65,36.45,35.55,35.8,620400
2026-02-02 07:00:00,36.0,37.25,35.25,37.1,1013800
2026-02-03 07:00:00,37.5,37.8,36.8,37.1,707300
2026-02-04 07:00:00,37.05,37.7,36.75,37.0,1064900
2026-02-05 07:00:00,36.95,36.95,35.6,35.6,649900
2026-02-06 07:00:00,35.6,35.6,34.75,34.75,685900
2026-02-09 07:00:00,34.95,35.1,34.45,34.6,250200
2026-02-10 07:00:00,34.7,35.0,33.95,34.15,381200
2026-02-11 07:00:00,34.75,34.75,34.2,34.3,276200
2026-02-12 07:00:00,34.7,34.75,34.1,34.4,131600
2026-02-13 07:00:00,34.2,34.4,34.1,34.1,357800
2026-02-23 07:00:00,34.5,36.0,34.1,35.15,508900
2026-02-24 07:00:00,35.45,35.45,34.8,35.0,262900
2026-02-25 07:00:00,35.5,35.5,34.9,35.15,468100
2026-02-26 07:00:00,35.2,35.6,34.95,34.95,329900
2026-02-27 07:00:00,34.5,35.1,34.5,34.8,273400
2026-03-02 07:00:00,33.1,34.4,33.1,33.15,733400
2026-03-03 07:00:00,33.15,33.5,31.9,32.45,617800
2026-03-04 07:00:00,32.0,32.1,31.0,31.9,766700
2026-03-05 07:00:00,32.3,32.7,31.8,31.85,350900
2026-03-06 07:00:00,31.7,31.7,31.0,31.4,375200
2026-03-09 07:00:00,29.25,30.8,29.25,29.25,465500
2026-03-10 07:00:00,29.4,29.95,28.85,29.3,673500
2026-03-11 07:00:00,29.6,30.4,29.3,30.2,374400
2026-03-12 07:00:00,30.2,30.2,29.6,29.65,235600
2026-03-13 07:00:00,29.65,29.7,29.3,29.4,280900
2026-03-16 07:00:00,29.1,29.9,29.1,29.9,303400
2026-03-17 07:00:00,29.95,30.5,29.9,30.05,381500
2026-03-18 07:00:00,30.05,30.1,29.2,29.8,313300
2026-03-19 07:00:00,29.2,29.7,28.9,29.6,208700
2026-03-20 07:00:00,29.3,29.6,28.8,29.6,254400
2026-03-23 07:00:00,28.8,29.3,28.0,28.15,402900
2026-03-24 07:00:00,27.0,28.4,27.0,28.15,353100
2026-03-25 07:00:00,28.2,29.0,28.2,28.8,236200
2026-03-26 07:00:00,28.85,29.55,28.7,28.9,372800
2026-03-27 07:00:00,29.0,29.2,28.6,29.15,555400
2026-03-30 07:00:00,28.9,29.15,28.6,29.05,226000
2026-03-31 07:00:00,29.1,29.25,28.7,28.8,389200
2026-04-01 07:00:00,29.4,29.4,29.0,29.1,201600
2026-04-02 07:00:00,29.0,29.1,28.55,28.8,237600
2026-04-03 07:00:00,28.8,29.0,28.45,28.45,242800
2026-04-06 07:00:00,28.45,28.9,28.3,28.35,126500
2026-04-07 07:00:00,29.0,29.0,27.7,28.0,341700
2026-04-08 07:00:00,28.6,29.4,28.45,29.3,585000
2026-04-09 07:00:00,28.7,29.25,28.7,28.8,255200
2026-04-10 07:00:00,28.85,29.3,28.85,28.9,209600
2026-04-13 07:00:00,28.9,29.1,28.8,28.9,203600
2026-04-14 07:00:00,28.95,29.5,28.95,29.45,494100
2026-04-15 07:00:00,29.8,29.9,29.05,29.1,299000
2026-04-16 07:00:00,29.1,29.1,28.2,28.5,553600
2026-04-17 07:00:00,28.6,29.3,28.5,28.75,268700
2026-04-20 07:00:00,29.3,29.3,28.55,28.95,246400
2026-04-21 07:00:00,28.95,28.95,28.4,28.4,379400
2026-04-22 07:00:00,28.45,29.0,28.1,28.45,406900
2026-04-23 07:00:00,28.45,28.6,28.0,28.35,185800
2026-04-24 07:00:00,28.2,28.35,27.6,27.8,306900
2026-04-28 07:00:00,27.8,28.0,27.55,27.65,211200
2026-04-29 07:00:00,27.65,27.8,27.5,27.8,116200
2026-05-04 07:00:00,27.8,28.15,27.7,27.85,236600
2026-05-05 07:00:00,27.85,27.85,27.25,27.55,357500
2026-05-06 07:00:00,27.85,27.85,27.5,27.8,182100
2026-05-07 07:00:00,27.85,28.45,27.75,27.9,381700
2026-05-08 07:00:00,28.0,28.0,27.55,27.75,136000
2026-05-11 07:00:00,27.7,27.7,26.9,27.0,377900
2026-05-12 07:00:00,27.0,27.35,26.8,27.05,226400
2026-05-13 07:00:00,27.1,27.35,26.9,27.3,199200
2026-05-14 07:00:00,27.45,28.35,27.45,27.9,389700
2026-05-15 07:00:00,28.0,28.1,27.45,27.7,187300
2026-05-18 07:00:00,27.65,28.2,27.15,28.15,460700
2026-05-19 07:00:00,28.15,28.85,27.8,28.15,385200
2026-05-20 07:00:00,28.2,28.6,27.3,28.5,505300
2026-05-21 07:00:00,28.7,28.75,27.9,27.9,335300
2026-05-22 07:00:00,28.0,28.35,27.7,28.15,400300
2026-05-25 07:00:00,28.15,28.15,27.4,27.7,270500
2026-05-26 07:00:00,27.6,27.95,27.55,27.9,165900
2026-05-27 07:00:00,27.8,28.1,27.75,28.0,145700
2026-05-28 07:00:00,27.8,28.05,27.6,27.6,167100
2026-05-29 07:00:00,27.6,27.75,27.0,27.0,265800
2026-06-01 07:00:00,27.3,27.45,27.0,27.35,113800
2026-06-02 07:00:00,27.0,28.65,27.0,28.4,884100
2026-06-03 07:00:00,28.05,29.0,28.05,28.75,610700
2026-06-04 07:00:00,28.8,28.9,28.0,28.25,306100
2026-06-05 07:00:00,28.15,28.2,27.35,27.65,462900
2026-06-08 07:00:00,27.45,27.45,26.9,27.3,333700
2026-06-09 07:00:00,27.15,27.8,27.05,27.6,210100
2026-06-10 07:00:00,27.55,27.75,27.3,27.4,138300
2026-06-11 07:00:00,27.1,27.35,27.1,27.2,106800
2026-06-12 07:00:00,27.6,27.6,27.1,27.2,144900
2026-06-15 07:00:00,27.4,27.7,27.25,27.5,177700
2026-06-16 07:00:00,27.5,27.65,27.3,27.65,198900
2026-06-17 07:00:00,27.65,28.0,27.5,27.9,244100
2026-06-18 07:00:00,28.0,28.0,27.3,27.65,261500
2026-06-19 07:00:00,27.45,27.8,27.35,27.8,134400
2026-06-22 07:00:00,27.75,27.75,27.35,27.4,130900
2026-06-23 07:00:00,27.4,27.4,27.0,27.25,223900
2026-06-24 07:00:00,27.15,27.2,26.9,27.1,302800
2026-06-25 07:00:00,26.95,27.1,26.95,27.05,98700
2026-06-26 07:00:00,27.1,27.2,26.85,27.15,89700
2026-06-29 07:00:00,27.1,27.5,26.95,27.1,119100
2026-06-30 07:00:00,27.1,27.25,26.95,27.0,134500
2026-07-01 07:00:00,27.0,27.5,27.0,27.4,193800
2026-07-02 07:00:00,27.3,27.4,27.2,27.3,102400
2026-07-03 07:00:00,27.2,27.3,27.1,27.25,125100
2026-07-06 07:00:00,27.15,27.6,26.8,27.15,214600
2026-07-07 07:00:00,27.0,27.15,26.8,27.1,163500
2026-07-08 07:00:00,27.4,27.4,26.9,27.2,231900
2026-07-09 07:00:00,27.2,27.2,26.9,27.05,158000
2026-07-10 07:00:00,26.5,27.0,26.5,27.0,207900
2026-07-13 07:00:00,27.0,27.0,26.25,26.45,255600
2026-07-14 07:00:00,26.3,26.5,26.0,26.25,136100
2026-07-15 07:00:00,26.05,26.55,25.6,25.9,162800
2026-07-16 07:00:00,25.75,25.9,25.1,25.9,171100
2026-07-17 07:00:00,25.9,26.2,25.5,26.1,75200
2026-07-20 07:00:00,25.8,25.8,25.0,25.05,157200
2026-07-21 07:00:00,24.6,25.05,24.5,24.5,142100
2026-07-22 07:00:00,24.5,24.8,23.8,23.8,239000
2026-07-23 07:00:00,23.0,24.7,22.2,24.7,435400
2026-07-24 07:00:00,24.65,24.7,24.0,24.7,125200
2026-07-27 07:00:00,24.7,24.7,23.5,23.6,201200
2026-07-28 07:00:00,22.45,23.9,22.45,23.85,322200
2026-07-29 07:00:00,23.9,23.95,23.5,23.95,183900
2026-07-30 07:00:00,23.5,24.35,23.5,24.1,196400
2026-07-31 07:00:00,24.35,24.7,24.15,24.3,335600
2026-08-03 07:00:00,24.9,25.75,24.45,25.6,222300
2026-08-04 07:00:00,25.6,25.7,25.3,25.4,104100
2026-08-05 07:00:00,25.5,25.6,24.6,25.3,201200
2026-08-06 07:00:00,25.3,25.3,24.7,24.95,77600
2026-08-07 07:00:00,24.35,24.95,24.35,24.6,114700
